Target Name	IC50 (nM)	Value	Target Source Organism According to Curator or DataSource	Ligand SMILES
Cathepsin B	1000.1	'>'	Homo sapiens	CCCC(CCC)C(=O)N[C@H](C=O)Cc1c[nH]c2ccccc12
Cathepsin B	1.0	'='	Homo sapiens	Cc1cccc(O[C@H]2CCN3C[C@H]2OC3=O)c1C
Cathepsin B	10000.1	'>'	Homo sapiens	NC(=S)NN=C1c2ccccc2-c2ccccc21
Cathepsin B	30000.1	'>'	Homo sapiens	C=C[C@@H]1C[C@]1(NC(=O)[C@@H]1C[C@@H](Oc2cc(-c3ccccc3)nc3ccccc23)CN1C(=O)[C@@H](NC(=O)[C@@H](NC(C)=O)C1CCCCC1)C(C)C)C(=O)O
Cathepsin B	2.0	'='	Homo sapiens	O=C1O[C@@H]2CN1CC[C@@H]2OCc1ccccc1
Cathepsin B	50000.1	'>'	Homo sapiens	Nc1cc(OC(=O)c2cccs2)nn1S(=O)(=O)c1ccccc1
Cathepsin B	45.0	'='	Homo sapiens	Cc1cccc(C[C@H](NC(=O)C(c2ccccc2)c2ccccc2)C(=O)NCC#N)c1
Cathepsin B	93.0	'='	Homo sapiens	CC(C)C[C@H](Nc1cccc(-c2ccc(N3CCNCC3)cc2)c1)C(=O)NCC#N
Cathepsin B	50000.1	'>'	Homo sapiens	N#C[C@]1(NC(=O)[C@H](N)Cc2cccs2)C[C@H]1c1ccccc1.O=C(O)C(F)(F)F
Cathepsin B	4200.0	'='	Homo sapiens	CC[C@H](C)[C@@H](C(=O)O[C@@H](CC(C)C)C(=O)N[C@@H](CC(C)C)C(=O)N[C@@H](C)/C=C/C(=O)N1C(=O)C=C(OC)[C@@H]1C)N(C)C
Cathepsin B	4041.0	'='	Homo sapiens	N#CC1(NC(=O)[C@H](CS(=O)(=O)Cc2ccccc2-c2ccccc2)N[C@@H](c2ccc(F)cc2)C(F)(F)F)CC1
Cathepsin B	1319.0	'='	Homo sapiens	N#CC1(NC(=O)[C@H](CS(=O)(=O)Cc2cccc(F)c2F)N[C@@H](c2ccc(F)cc2)C(F)(F)F)CC1
Cathepsin B	287.0	'='	Homo sapiens	N#CC1(NC(=O)[C@H](CS(=O)(=O)CC2CC2)N[C@@H](c2ccccc2)C(F)(F)F)CC1
Cathepsin B	8029.0	'='	Homo sapiens	C[S+]([O-])C[C@H](N[C@@H](c1ccc(Br)cc1)C(F)(F)F)C(=O)NC1(C#N)CC1
Cathepsin B	10000.1	'>'	Homo sapiens	COCc1nnc(-c2cccc(C[C@H](NC(=O)c3cc(C(C)(C)C)nn3C)C(=O)NCC#N)c2)o1
Cathepsin B	10000.1	'>'	Homo sapiens	Cn1nc(C(C)(C)C)cc1C(=O)N[C@@H](Cc1cccc(-c2nnc(CO)o2)c1)C(=O)NCC#N
Cathepsin B	18000.0	'='	Homo sapiens	CCCC[C@H](NC(=O)O[C@H](Cc1nnc(-c2ccc(F)cc2)o1)C(C)(C)C)C(=O)C(=O)NCc1cccnc1
Cathepsin B	2599.0	'='	Homo sapiens	CC(C)C[C@@H](C(=O)NCC#N)c1cccc(-c2ccc(N3CCN(C)CC3)cc2)c1
Cathepsin B	379.0	'='	Homo sapiens	CC(C)CC(C(=O)NCC#N)c1cccc(-c2ccc(N3CCN(C(C)(C)C)CC3)cc2)c1
Cathepsin B	810.0	'='	Homo sapiens	CCCC[C@@H](C=O)NC(=O)OC1(Cc2ccccc2)CCCC1
Cathepsin B	2000.1	'>'	Homo sapiens	CCCC[C@H](NC(=O)O[C@H]1CCCc2ccccc21)C(=O)C(=O)N[C@H](C)c1ccccc1
Cathepsin B	12000.0	'='	Homo sapiens	CCCC[C@H](NC(=O)OC1C2(C)CCC(C2)C1(C)C)C(=O)C(=O)N[C@H](C)c1ccccc1
Cathepsin B	1640.0	'='	Homo sapiens	CC(=O)c1c(Nc2ccc(Br)cc2)[nH]c2c(Br)ccc(Br)c2c1=O
Cathepsin B	2.0	'='	Homo sapiens	Cc1cccc(C[C@H](NC(=O)c2ccc(Cl)cc2F)C(=O)N[C@H](C#N)COCc2cccc(C(=O)O)c2)c1
Cathepsin B	460.0	'='	Homo sapiens	CC[C@@H](C)[C@H](NC(=O)OC(C)(C)C)C(=O)N[C@@H](C=O)Cc1c[nH]c2ccccc12
Cathepsin B	2000.1	'>'	Homo sapiens	CCCC[C@H](NC(=O)OCC1(CCCc2ccccc2)CCC1)C(=O)C(=O)N[C@H](C)c1ccccc1
Cathepsin B	10000.1	'>'	Homo sapiens	CCCc1cc(-c2cccc(CC(C)C)c2)nc(C#N)n1
Cathepsin B	1400.0	'='	Homo sapiens	N#CN1CCC(NS(=O)(=O)c2ccccc2)C1
Cathepsin B	1584.89	'='	Homo sapiens	N#CC1(NC(=O)[C@@H]2CCCC[C@H]2C(=O)N2CCN(c3nc4ccccc4s3)CC2)CC1
Cathepsin B	6309.57	'='	Homo sapiens	N#CC1(NC(=O)[C@@H]2CCCC[C@H]2C(=O)N2CCN(c3nc(C(F)(F)F)cs3)CC2)CC1
Cathepsin B	10000.1	'>'	Homo sapiens	CC(C)CC(C(=O)NCC#N)c1cccc(-c2cncnc2)c1
Cathepsin B	1590.0	'='	Homo sapiens	NC(=S)N/N=C(/c1cccc(Br)c1)c1cc(C(F)(F)F)cc(C(F)(F)F)c1
Cathepsin B	10000.1	'>'	Homo sapiens	COc1ccc2c(c1)/C(=N/NC(N)=S)CCC2
Cathepsin B	6.8	'='	Homo sapiens	Cc1cccc(C[C@H](NC(=O)c2ccc(F)cc2F)C(=O)N[C@H](C#N)COCc2cccc(C(=O)O)c2)c1
Cathepsin B	11.9	'='	Homo sapiens	Cc1cc(C)cc(C[C@H](NC(=O)C(c2ccccc2)c2ccccc2)C(=O)NCC#N)c1
Cathepsin B	6457.0	'='	Homo sapiens	CC(C)(C)NCCCc1cc(-c2cccc(C(F)(F)F)c2)nc(C#N)n1
Cathepsin B	100000.0	'='	Homo sapiens	CCC[C@H](NC(=O)[C@@H]1CCCN1C(=O)[C@@H](NC(=O)[C@@H](NC(=O)[C@H](CC(=O)O)NC(=O)[C@H](CC(=O)O)NC(C)=O)[C@@H](C)CC)C(C)C)C(=O)C(=O)NCc1ccccc1
Cathepsin B	7943.28	'='	Homo sapiens	N#CCNC(=O)[C@H](Cc1cccc(-c2cccnc2)c1)NC(=O)c1ccccc1
Cathepsin B	300000.1	'>'	Homo sapiens	CC(NC(=O)[C@H](CC(=O)N(C)C)NC(=O)[C@@H](NC(=O)CC(C)(C)C)C(C)(C)C)C(=O)C(=O)NCc1ccccc1
Cathepsin B	500.0	'='	Homo sapiens	N#CN1CC(OCC2CCCCC2)C1
Cathepsin B	10000.1	'>'	Homo sapiens	NC(=S)N/N=C1\CCCc2c(O)cccc21
Cathepsin B	3300.1	'>'	Homo sapiens	CC(C)(C)NC(=O)N[C@H](C(=O)N1C[C@H]2[C@@H]([C@H]1C(=O)NC(CC1CCC1)C(=O)C(N)=O)C2(C)C)C(C)(C)C
Cathepsin B	3000.0	'='	Homo sapiens	CCCCC(=O)N[C@@H](Cc1cccc(C)c1)C(=O)NCC#N
Cathepsin B	3329.0	'='	Homo sapiens	CC(C)CC(C(=O)NCC#N)c1cccc(-c2ccc(-c3ccncc3)cc2)c1
Cathepsin B	26.0	'='	Homo sapiens	CC(C)C[C@H](Nc1ccc(-c2ccc(N3CCNCC3)cc2)cc1)C(=O)NCC#N
Cathepsin B	3981.07	'='	Homo sapiens	N#CC1(NC(=O)[C@@H]2CCCC[C@H]2C(=O)N2CCN(c3nc4ccncc4s3)CC2)CC1
Cathepsin B	1900.0	'='	Homo sapiens	CC(C)C[C@H](NC(=O)OCC(C)(C)Oc1ccc(F)cc1)C(=O)N[C@H](C=O)C[C@@H]1CCNC1=O
Cathepsin B	180.0	'='	Homo sapiens	Cc1cccc(C[C@H](NC(=O)c2ccc(F)cc2F)C(=O)N[C@H](C#N)COCc2cccc(C(=O)O)c2)c1
Cathepsin B	2600.0	'='	Homo sapiens	CC(C)C[C@H](NC(=O)OCC(C)(C)Sc1ccccc1)C(=O)N[C@H](C#N)C[C@@H]1CCNC1=O
Cathepsin B	10000.1	'>'	Homo sapiens	NC(=S)NN=C(c1ccc(Br)cc1)c1ccc(Br)cc1
Cathepsin B	10000.1	'>'	Homo sapiens	NC(=S)N/N=C(\c1ccccc1)c1cccc(C(=O)c2ccccc2)c1
Cathepsin B	100000.1	'>'	Homo sapiens	COc1ccc(C(=O)NCC(=O)NC/C=C/S(C)(=O)=O)cc1C(=O)C(C)(C)c1cc(Cl)cc(Cl)c1
Cathepsin B	25118.96	'>'	Homo sapiens	COc1ccc(OC)c(S(=O)(=O)N[C@@H]2C[C@H](C)N(C#N)C2)c1
Cathepsin B	496.0	'='	Homo sapiens	N#CCNC(=O)[C@H](Cc1ccccc1)NC(=O)C(c1ccccc1)c1ccccc1
Cathepsin B	5000.1	'>'	Homo sapiens	CCCC[C@H](NC(=O)OCC(C)(C)Cc1ccccc1)C(=O)C(=O)N[C@H](C)c1ccccc1
Cathepsin B	1812.0	'='	Homo sapiens	CC(C)C[C@H](Nc1ccccc1-c1ccc(N2CCNCC2)cc1)C(=O)NCC#N
Cathepsin B	30000.1	'>'	Homo sapiens	CCC(C)CNc1nc(C#N)nc2c1ncn2C1CCCC1
Cathepsin B	30000.1	'>'	Homo sapiens	COc1ccc(Cn2cnc3c(NCc4ccccc4)nc(C#N)nc32)cc1
Cathepsin B	81500.0	'='	Homo sapiens	O=C1NN(c2ccc(Cl)cc2)C(=O)/C1=C\c1ccc(-c2ccc(C(=O)O)cc2)o1
Cathepsin B	38.0	'='	Homo sapiens	CC(C)C(NC(=O)OC(C)(C)C)C(=O)N1CCCCN1C#N
Cathepsin B	40.0	'='	Homo sapiens	CC(C)C(Nc1cccc(C#N)c1)C(=O)N1CCCCN1C#N
Cathepsin B	50000.1	'>'	Homo sapiens	N#Cc1nc(NCc2cccc(-c3cn(S(=O)(=O)c4ccccc4)c4ccccc34)c2)c2ncn(CCCO)c2n1
Cathepsin B	50000.1	'>'	Homo sapiens	N#Cc1nc(NCc2cccc(-c3ccc4ccccc4c3)c2)c2ncn(CCCO)c2n1
Cathepsin B	30000.1	'>'	Homo sapiens	N#Cc1nc(NCc2ccc(Cl)c(Cl)c2)c2ncn(CCO)c2n1
Cathepsin B	30000.1	'>'	Homo sapiens	COc1ccc(CNc2nc(C#N)nc3c2ncn3Cc2ccccc2)cc1
Cathepsin B	30000.1	'>'	Homo sapiens	CCCCn1cnc2c(NCc3ccccc3)nc(C#N)nc21
Cathepsin B	580.0	'='	Homo sapiens	CC[C@@H](C)[C@H](NC(=O)NC(C)C)C(=O)N[C@@H](C=O)Cc1c[nH]c2ccccc12
Cathepsin B	2250.0	'='	Homo sapiens	CCOC(=O)/C=C/C=C/C(=O)[C@H](CCc1ccccc1)NC(=O)[C@H](Cc1ccccc1)NC(=O)N1CCOCC1
Cathepsin B	600.0	'='	Homo sapiens	
Cathepsin B	10000.1	'>'	Homo sapiens	N#CCNC(=O)[C@H](Cc1cccc(-c2nnco2)c1)NC(=O)c1ccccc1
Cathepsin B	10000.1	'>'	Homo sapiens	Cn1nc(C(C)(C)C)cc1C(=O)N[C@@H](Cc1cccc(-c2nncs2)c1)C(=O)NCC#N
Cathepsin B	1000.1	'>'	Homo sapiens	CC(C)C[C@H](NS(=O)(=O)c1cccc2ccccc12)C(=O)N[C@@H](C=O)Cc1c[nH]c2ccccc12
Cathepsin B	100000.1	'>'	Homo sapiens	Cc1cccc(O[C@@H]2CCNC[C@H]2O)c1C
Cathepsin B	20590.0	'='	Homo sapiens	COc1cc(/C=C/C(=O)c2ccco2)ccc1O
Cathepsin B	35.7	'='	Homo sapiens	CCCCC(=O)N[C@@H](Cc1cccc(C)c1)C(=O)N[C@H](C#N)COCc1cccc(C(=O)O)c1
Cathepsin B	300000.1	'>'	Homo sapiens	Cc1ccc2oc(C(=O)C(C)NC(=O)[C@H](CC(=O)N(C)C)NC(=O)[C@@H](NC(=O)CC(C)(C)C)C(C)(C)C)nc2c1
Cathepsin B	107000.0	'='	Homo sapiens	CCCC[C@H](NC(=O)O[C@H](Cn1ccc(-c2ccc(C(F)(F)F)cc2)n1)C(C)(C)C)C(=O)C(=O)Nc1ccccn1
Cathepsin B	1000.1	'>'	Homo sapiens	O=C[C@H](Cc1c[nH]c2ccccc12)NC(=O)CCc1ccccc1
Cathepsin B	100000.1	'>'	Homo sapiens	N#Cc1ccccc1N1CCN(C[C@H](O)COC[C@H](Cc2ccccc2)NS(=O)(=O)c2ccc(C(F)(F)F)cc2)CC1
Cathepsin B	100000.1	'>'	Homo sapiens	N#Cc1ccccc1N1CCN(C[C@@H](O)COC[C@H](Cc2ccccc2)NC(=O)C2CCN(C(=O)OCc3ccccc3)CC2)CC1
Cathepsin B	45.0	'='	Homo sapiens	COc1ccc(Nc2nc(C#N)nc(N3CCNCC3)n2)cc1
Cathepsin B	10000.1	'>'	Homo sapiens	NC(=S)N/N=C1\CCS(=O)(=O)c2ccc(OC(F)(F)F)cc21
Cathepsin B	4080.0	'='	Homo sapiens	COc1ccc(CC(NC(=O)c2ccc(-c3ccccc3)cc2)C(=O)NC2(C#N)CC2)cn1
Cathepsin B	10000.1	'>'	Homo sapiens	NC(=S)N/N=C(\c1ccc(Cl)cc1)c1cccc(Br)c1
Cathepsin B	23.0	'='	Homo sapiens	CC(C)C(Nc1cccc(C(F)(F)F)c1)C(=O)N1CCCCN1C#N
Cathepsin B	31.3	'='	Homo sapiens	Cc1cccc(C[C@H](NC(=O)c2ccc(Cl)c(Cl)c2)C(=O)NCC#N)c1
Cathepsin B	10000.1	'>'	Homo sapiens	S=C(NCc1ccccc1)NN=C(c1cccc(Br)c1)c1cccc(Br)c1
Cathepsin B	780.0	'='	Homo sapiens	O=C[C@H](Cc1c[nH]c2ccccc12)NC(=O)C1CCCCC1
Cathepsin B	32.0	'='	Homo sapiens	CC(C)C(Nc1cccc(Cl)c1)C(=O)N1CCCCN1C#N
Cathepsin B	12000.0	'='	Homo sapiens	CCCC[C@@H](C=O)NC(=O)OC1(Cc2ccccc2)CCCCC1
Cathepsin B	4200.0	'='	Homo sapiens	N#CCNC(=O)C1(NC(=O)c2ccc(-c3csc(N4CCOCC4)n3)cc2)CCCCC1
Cathepsin B	10000.1	'>'	Homo sapiens	COc1ccc(C(=O)c2cccc(/C(=N/NC(N)=S)c3ccc(O)cc3)c2)cc1
Cathepsin B	14.2	'='	Homo sapiens	CC(=O)c1c(Nc2ccc(Cl)cc2)[nH]c2c(Cl)cc([N+](=O)[O-])cc2c1=O
Cathepsin B	1530.0	'='	Homo sapiens	CC(=O)c1c(Nc2ccc(Cl)cc2)[nH]c2c(Br)ccc(Cl)c2c1=O
Cathepsin B	59.0	'='	Homo sapiens	CC(C)C[C@H](NC(=O)c1cc2ccccc2o1)C(=O)N[C@@H](C)C(=O)CNS(=O)(=O)c1ccccn1
Cathepsin B	50000.1	'>'	Homo sapiens	N#Cc1nc(NCc2cccc(-c3cc(Cl)cc(Cl)c3)c2)c2ncn(CCCO)c2n1
Cathepsin B	10000.1	'>'	Homo sapiens	CN1CCC(CCOc2ccc(-c3cc4c(ncn4C)c(C#N)n3)cc2C(F)(F)F)CC1
Cathepsin B	10000.1	'>'	Homo sapiens	NC(=S)N/N=C(/c1cccc(Br)c1)c1ccc(Br)s1
Cathepsin B	79.0	'='	Homo sapiens	CCCC[C@H](NC(=O)O[C@H](Cn1ccc(-c2cccnc2)n1)C(C)(C)C)C(=O)CNS(=O)(=O)c1ccccn1
Cathepsin B	12000.1	'>'	Homo sapiens	CCCC[C@H](NC(=O)OC1(Cc2ccccc2)CCCC1)C(=O)C(=O)N[C@H](C)c1ccccc1
Cathepsin B	5000.0	'='	Homo sapiens	Nc1cc(OC(=O)c2cccs2)nn1S(=O)(=O)c1ccccc1
Cathepsin B	6309.57	'='	Homo sapiens	Cn1nc(C(C)(C)C)cc1C(=O)N[C@@H](Cc1cccc(-c2nnc(CCN)o2)c1)C(=O)NCC#N
Cathepsin B	12950.0	'='	Homo sapiens	O=C(/C=C/c1ccc(O)c2ccccc12)c1ccc(O)cc1O
Cathepsin B	2371.0	'='	Homo sapiens	N#CC1(NC(=O)[C@H](Cc2cscn2)NC(=O)c2ccc(-c3ccccc3)cc2)CC1
Cathepsin B	2210.0	'='	Homo sapiens	N#CC1(NC(=O)[C@H](Cc2ccccc2)NC(=O)c2ccc(-c3ccccc3)cc2)CC1
Cathepsin B	10000.1	'>'	Homo sapiens	NC(=S)N/N=C(/c1cccc(Br)c1)c1cccc(Br)c1O
Cathepsin B	10000.1	'>'	Homo sapiens	NC(=S)N/N=C(/c1cccc(Br)c1)C1CCCCC1
Cathepsin B	10000.1	'>'	Homo sapiens	CCCc1cc(-c2cccc(C(C)=O)c2)nc(C#N)n1
Cathepsin B	10000.1	'>'	Homo sapiens	CCCc1cc(-c2ccc(Cl)c(C(F)(F)F)c2)nc(C#N)n1
Cathepsin B	10000.1	'>'	Homo sapiens	NC(=S)N/N=C(\c1cccc(Cl)c1)c1cccc(Br)c1
Cathepsin B	3366.0	'='	Homo sapiens	CC(C)CC(NC(=O)c1cccc(-c2ccc(S(C)(=O)=O)cc2)c1)C(=O)N(C)N(C)C#N
Cathepsin B	50000.1	'>'	Homo sapiens	CC(C)Oc1c(Br)cccc1-c1cccc(CNc2nc(C#N)nc3c2ncn3CCCO)c1
Cathepsin B	10000.1	'>'	Homo sapiens	NC(=S)N/N=C(\c1ccc(Br)cc1)c1cccc(/C(=N/NC(N)=S)c2ccc(Br)cc2)c1
Cathepsin B	150.0	'='	Homo sapiens	N#CN1CC(CNC(=O)C2CCCCC2)C1
Cathepsin B	172000.0	'='	Homo sapiens	CCC[C@H](NC(=O)[C@@H]1CCCN1C(=O)[C@@H](NC(=O)[C@@H](NC(=O)[C@@H](CC(=O)O)NC(=O)[C@H](CC(=O)O)NC(C)=O)[C@@H](C)CC)C(C)C)C(=O)C(=O)NCc1ccccc1
Cathepsin B	10000.1	'>'	Homo sapiens	NC(=S)N/N=C(/c1cccc(Br)c1)c1cc(F)c(F)c(F)c1F
Cathepsin B	10000.1	'>'	Homo sapiens	NC(=S)N/N=C(/c1cccc(Br)c1)c1cccc(F)c1F
Cathepsin B	10000.1	'>'	Homo sapiens	N#CCNC(=O)[C@H](Cc1cccc(-c2ccnnc2)c1)NC(=O)c1ccccc1
Cathepsin B	1400.0	'='	Homo sapiens	Nc1cc(OC(=O)c2cccs2)nn1S(=O)(=O)c1ccccc1
Cathepsin B	15000.1	'>'	Homo sapiens	N#Cc1nc(NCc2cccc(-c3ccccc3C(F)(F)F)c2)c2ncn(CCCO)c2n1
Cathepsin B	15000.1	'>'	Homo sapiens	COC(=O)c1cccc(-c2cccc(CNc3nc(C#N)nc4c3ncn4CCCO)c2)c1
Cathepsin B	15000.1	'>'	Homo sapiens	COc1ncc(-c2cccc(CNc3nc(C#N)nc4c3ncn4CCCO)c2)c(OC)n1
Cathepsin B	7943.28	'='	Homo sapiens	Cn1nccc1-c1cccc(C[C@H](NC(=O)c2ccccc2)C(=O)NCC#N)c1
Cathepsin B	5000.1	'>'	Homo sapiens	N#CC1(NC(=O)[C@H](Cc2ccccn2)NC(=O)c2ccc(-c3ccccc3)cc2)CC1
Cathepsin B	68.0	'='	Homo sapiens	CCCC[C@H](NC(=O)O[C@H](Cn1ccc(-c2ccc(C(F)(F)F)cc2)n1)C(C)(C)C)C(=O)CNc1cccc(F)n1
Cathepsin B	417.0	'='	Homo sapiens	CC(C)[C@H](NC(=O)[C@H](C)NC(=O)[C@@H](NC(=O)c1ccccc1)C(C)(C)C)C(=O)C(=O)NC1CC1
Cathepsin B	5.0	'='	Homo sapiens	O=C1O[C@@H]2CN1CC[C@@H]2Oc1ccccc1
Cathepsin B	10000.1	'>'	Homo sapiens	CC(C)CC(NC(c1ccc(-c2ccc(N3CCNCC3)cc2)cc1)C(F)(F)F)C(=O)NCC#N
Cathepsin B	10000.1	'>'	Homo sapiens	NC(=S)N/N=C(/c1ccc(Br)cc1)c1ccccc1F
Cathepsin B	10000.1	'>'	Homo sapiens	NC(=S)N/N=C(/c1ccc(Br)cc1)c1ccc(C(F)(F)F)cc1
Cathepsin B	2340.0	'='	Homo sapiens	CCC(CC)NCCCc1cc(-c2cccc(C(F)(F)F)c2)nc(C#N)n1
Cathepsin B	940.0	'='	Homo sapiens	N#CCNC(=O)[C@H](CC1CCCCC1)NC(=O)c1ccccc1
Cathepsin B	300.0	'='	Homo sapiens	NC(=S)N/N=C(/c1cc(Cl)cc(Cl)c1)c1cccs1
Cathepsin B	8100.0	'='	Homo sapiens	COc1ccc(C(=O)NCc2ccnc(C#N)n2)cc1C(=O)C(C)(C)c1cc(Cl)cc(Cl)c1
Cathepsin B	2940.0	'='	Homo sapiens	[N-]=[N+]=CC(=O)[C@H](Cc1ccc(I)cc1)NC(=O)CN
Cathepsin B	690.0	'='	Homo sapiens	COc1ccc(S(=O)(=O)n2nc(OC(=O)c3cccs3)cc2N)cc1
Cathepsin B	1750.0	'='	Homo sapiens	Cc1ccc(S(=O)(=O)n2nc(OC(=O)c3ccco3)cc2N)cc1
Cathepsin B	440.0	'='	Homo sapiens	Nc1cc(OC(=O)c2cccs2)nn1S(=O)(=O)c1ccc(F)cc1
Cathepsin B	30000.1	'>'	Homo sapiens	COCCCn1cnc2c(NCc3ccc(Cl)c(Cl)c3)nc(C#N)nc21
Cathepsin B	5430.0	'='	Homo sapiens	N#Cc1nc(NCc2ccc(Cl)c(Cl)c2)c2ncn(CCCO)c2n1
Cathepsin B	30000.1	'>'	Homo sapiens	N#Cc1nc(NCc2ccc(Cl)cc2)c2ncn(CCCCO)c2n1
Cathepsin B	30000.1	'>'	Homo sapiens	N#Cc1nc(NCc2ccccc2)c2ncn(Cc3cccc(C(F)(F)F)c3)c2n1
Cathepsin B	30000.1	'>'	Homo sapiens	CCCCn1cnc2c(NCc3ccc(C)cc3)nc(C#N)nc21
Cathepsin B	30000.1	'>'	Homo sapiens	Cc1cccc(CNc2nc(C#N)nc3c2ncn3CC2CCCCC2)c1
Cathepsin B	30000.1	'>'	Homo sapiens	COc1ccc(CNc2nc(C#N)nc3c2ncn3C2CCCC2)cc1
Cathepsin B	17700.0	'='	Homo sapiens	N#Cc1nc(NC2CCCCC2)c2ncn(Cc3ccccc3)c2n1
Cathepsin B	6629.0	'='	Homo sapiens	N#CC1(NC(=O)[C@H](CS(=O)(=O)c2cccc(Br)c2)N[C@@H](c2ccccc2)C(F)(F)F)CC1
Cathepsin B	60000.0	'='	Homo sapiens	CCCC[C@H](NC(=O)O[C@H](CN1CCN(c2ccc(C(F)(F)F)cc2)C1=O)C(C)(C)C)C(=O)C(=O)Nc1ccn[nH]1
Cathepsin B	40.0	'='	Homo sapiens	Cc1cc(C)cc(CC(NC(=O)C(c2ccccc2)c2ccccc2)C(=O)NCC#N)c1
Cathepsin B	10000.1	'>'	Homo sapiens	NC(=S)N/N=C(\c1cccc(Br)c1)c1cc(O)cc(C(=O)c2cccc(Br)c2)c1
Cathepsin B	1100.0	'='	Homo sapiens	CN1CCN(c2nc(-c3ccc(C(=O)NC4(C(=O)NCC#N)CCCCC4)cc3)cs2)CC1
Cathepsin B	61.0	'='	Homo sapiens	CCCN1CCN(c2ccc(C(=O)NC3(C(=O)NCC#N)CCCCC3)cc2)CC1
Cathepsin B	300000.1	'>'	Homo sapiens	C[C@H](NC(=O)[C@H](CC(=O)N(C)C)NC(=O)[C@@H](NC(=O)CC(C)(C)C)C(C)(C)C)C(=O)C(F)(F)C(=O)NCc1ccccc1
Cathepsin B	10000.1	'>'	Homo sapiens	NC(=S)N/N=C1\CC(Nc2ccccc2)c2ccc(Br)cc21
Cathepsin B	500.0	'='	Homo sapiens	N#CN1CC(OCc2ccccc2)C1
Cathepsin B	10000.1	'>'	Homo sapiens	NC(=S)N/N=C(\Cc1ccccc1)c1ccccc1
Cathepsin B	13000.0	'='	Homo sapiens	N#Cc1nc(NCc2cccc(-c3ccc4[nH]ccc4c3)c2)c2ncn(CCCO)c2n1
Cathepsin B	15000.1	'>'	Homo sapiens	CC(C)c1ccccc1-c1cccc(CNc2nc(C#N)nc3c2ncn3CCCO)c1
Cathepsin B	500000.1	'>'	Homo sapiens	N#Cc1nc(Nc2ccc(OC(F)(F)F)cc2)nc(N2CCOCC2)n1
Cathepsin B	3000.0	'='	Homo sapiens	C=CC(=O)Nc1cc(Oc2nc(Nc3ccc(N4CCN(C)CC4)cc3OC)ccc2N2CCOCC2)ccc1C
Cathepsin B	440.0	'='	Homo sapiens	CC[C@@H](C)[C@H](/N=C(\S)Nc1ccccc1)C(=O)N[C@@H](C=O)Cc1c[nH]c2ccccc12
Cathepsin B	100000.1	'>'	Homo sapiens	CN(C)CCOc1ccc(C(=O)NCC(=O)NCC#N)cc1C(=O)C(C)(C)c1cc(Cl)cc(Cl)c1
Cathepsin B	10000.1	'>'	Homo sapiens	NC(=S)N/N=C1\CCNc2ccc([N+](=O)[O-])cc21
Cathepsin B	1903.0	'='	Homo sapiens	CC(C)CC(NC(=O)c1ccccc1)C(=O)NCC#N
Cathepsin B	10000.1	'>'	Homo sapiens	CC(C)CC(C(=O)NCC#N)c1cccc(-c2ccc(N3CCN(CC(C)(C)N)CC3)cc2)c1
Cathepsin B	60000.0	'='	Homo sapiens	N#Cc1nc(Nc2ccc([N+](=O)[O-])cc2)nc(N2CCOCC2)n1
Cathepsin B	300.0	'='	Homo sapiens	N#CN1CC(CNS(=O)(=O)c2ccccc2)C1
Cathepsin B	50.0	'='	Homo sapiens	CCOC(=O)/C=C/C(=O)[C@H](CC(C)C)NC(=O)[C@H](Cc1ccccc1)NC(=O)OCc1ccccc1
Cathepsin B	550.0	'='	Homo sapiens	CC(=O)CN1CCN(c2ccc(-c3cccc(C(CC(C)C)C(=O)NCC#N)c3)cc2)CC1
Cathepsin B	10000.1	'>'	Homo sapiens	CN1CCN(c2ccc(-c3cccc(C(Cc4ccccc4)C(=O)NCC#N)c3)cc2)CC1
Cathepsin B	2405.0	'='	Homo sapiens	CC(C)CC(C(=O)NCC#N)c1cccc(-c2ccc(N3CCNCC3)cc2)c1
Cathepsin B	10000.1	'>'	Homo sapiens	CCCC(C(=O)NCC#N)c1cccc(-c2ccc(N3CCN(C)CC3)cc2)c1
Cathepsin B	1000000.1	'>'	Homo sapiens	CCC[C@@H](NC(=O)[C@@H]1CCCN1C(=O)[C@@H](NC(=O)[C@@H](NC(=O)[C@@H](CC(=O)O)NC(=O)[C@H](CC(=O)O)NC(C)=O)[C@@H](C)CC)C(C)C)C(=O)OCc1ccccc1
Cathepsin B	1000.1	'>'	Homo sapiens	O=C[C@H](Cc1c[nH]c2ccccc12)NC(=O)OCc1ccccc1
Cathepsin B	3900.0	'='	Homo sapiens	O=C[C@@H](Cc1c[nH]c2ccccc12)NC(=O)[C@H](Cc1ccccc1)NS(=O)(=O)c1cccc2ccccc12
Cathepsin B	10000.1	'>'	Homo sapiens	NC(=S)N/N=C(\c1ccc(Br)cc1)c1cccc(C(=O)c2ccc(Br)cc2)c1
Cathepsin B	10000.1	'>'	Homo sapiens	NC(=S)N/N=C(\c1ccc(O)cc1)c1cccc(C(=O)c2ccc(O)cc2)c1
Cathepsin B	52.0	'='	Homo sapiens	CC(C)C(NC(=O)[C@H](C)NC(=O)[C@H](Cc1ccccc1)NC(=O)c1ccccc1)C(=O)C(=O)NC1CCCCC1
Cathepsin B	15000.1	'>'	Homo sapiens	COC(=O)c1ccccc1-c1cccc(CNc2nc(C#N)nc3c2ncn3CCCO)c1
Cathepsin B	3200.0	'='	Homo sapiens	Nc1cc(OC(=O)c2cccs2)nn1S(=O)(=O)c1ccccc1
Cathepsin B	10000.1	'>'	Homo sapiens	NC(=S)N/N=C1\CCS(=O)(=O)c2ccc(N)cc21
Cathepsin B	100000.1	'>'	Homo sapiens	CC(C)(C)[C@H](NC(=O)Cc1cc(Cl)cc(Cl)c1)C(=O)NCC(=O)NC/C=C/S(C)(=O)=O
Cathepsin B	100000.1	'>'	Homo sapiens	N#Cc1ccccc1N1CCN(C[C@@H](O)COC[C@@H](Cc2ccccc2)NS(=O)(=O)c2ccc(C(F)(F)F)cc2)CC1
Cathepsin B	100000.1	'>'	Homo sapiens	N#Cc1ccccc1N1CCN(C[C@H](O)COC[C@@H](Cc2ccccc2)NS(=O)(=O)c2ccc(C(F)(F)F)cc2)CC1
Cathepsin B	10000.1	'>'	Homo sapiens	NC(=S)N/N=C(/c1cccc(Br)c1)c1ccc(F)c(Br)c1
Cathepsin B	3000.0	'='	Homo sapiens	C=CC(=O)Nc1cc(Oc2nc(Nc3ccc(N4CCN(C)CC4)cc3OC)ccc2N2CCCC2)ccc1C
Cathepsin B	158.0	'='	Homo sapiens	O=C1O[C@H]2CN1CC[C@@H]2Br
Cathepsin B	429.0	'='	Homo sapiens	CC(C)[C@H](NC(=O)[C@H](C)NC(=O)[C@@H](N1Cc2ccccc2C1=O)C(C)(C)C)C(=O)C(=O)NCc1ccccc1
Cathepsin B	512.0	'='	Homo sapiens	CC(C)[C@H](NC(=O)[C@H](C)NC(=O)[C@@H](NC(=O)c1ccccc1)C(C)(C)C)C(=O)C(=O)NCc1ccccc1
Cathepsin B	10000.1	'>'	Homo sapiens	CS(=O)(=O)c1ccc2c(c1)/C(=N/NC(N)=S)CCS2(=O)=O
Cathepsin B	10000.1	'>'	Homo sapiens	NC(=S)N/N=C1\CCc2ccc(Br)cc21
Cathepsin B	50000.1	'>'	Homo sapiens	COc1ccc(-c2cccc(CNc3nc(C#N)nc4c3ncn4CCCO)c2)cc1
Cathepsin B	2500.0	'='	Homo sapiens	N#Cc1nc(NCc2cccc(-c3cccs3)c2)c2ncn(CCCO)c2n1
Cathepsin B	250.0	'='	Homo sapiens	Nc1cc(OC(=O)c2cccs2)nn1S(=O)(=O)c1ccccc1
Cathepsin B	6309.57	'='	Homo sapiens	N#CCNC(=O)[C@H](Cc1cccc(-c2cccnn2)c1)NC(=O)c1ccccc1
Cathepsin B	10000.1	'>'	Homo sapiens	NC(=S)N/N=C1\CCS(=O)(=O)c2ccc(Cl)cc21
Cathepsin B	10000.1	'>'	Homo sapiens	NC(=S)N/N=C1\CCCS(=O)(=O)c2ccc([N+](=O)[O-])cc21
Cathepsin B	10000.1	'>'	Homo sapiens	NC(=S)NN=C1c2cc([N+](=O)[O-])ccc2-c2ccc([N+](=O)[O-])cc21
Cathepsin B	10000.1	'>'	Homo sapiens	NC(=S)N/N=C1\CCCc2cc(N)ccc21
Cathepsin B	13000.0	'='	Homo sapiens	Cc1ccc(/C(=N/NC(N)=S)c2ccccc2)cc1
Cathepsin B	4900.0	'='	Homo sapiens	NC(=S)N/N=C(\CCc1ccccc1)c1cc(Cl)cc(Cl)c1
Cathepsin B	3000.0	'='	Homo sapiens	NC(=S)N/N=C(\CCc1ccccc1)c1cc(C(F)(F)F)cc(C(F)(F)F)c1
Cathepsin B	16.9	'='	Homo sapiens	Cc1cccc(C[C@H](NC(=O)c2ccc(Cl)cc2F)C(=O)N[C@H](C#N)COCc2ccccc2)c1
Cathepsin B	34000.0	'='	Homo sapiens	N#CCNC(=O)[C@H](Cc1ccccc1)NC(=O)Cc1ccccc1
Cathepsin B	100000.1	'>'	Homo sapiens	CCN[C@H](C(=O)N[C@H](C(=O)NCC(=O)NC/C=C/S(C)(=O)=O)C(C)(C)C)c1cc(Cl)cc(Cl)c1
Cathepsin B	10000.1	'>'	Homo sapiens	CC(C)(C)[Si](C)(C)Oc1cccc(/C(=N\NC(N)=S)c2cccc(Br)c2)c1
Cathepsin B	10000.1	'>'	Homo sapiens	NC(=S)N/N=C1\CC[S+]([O-])c2ccc([N+](=O)[O-])cc21
Cathepsin B	10000.1	'>'	Homo sapiens	NC(=S)N/N=C1\CC(c2ccccc2)Oc2ccccc21
Cathepsin B	1700.0	'='	Homo sapiens	CC[C@H](C)[C@@H](C(=O)O[C@@H](CC(C)C)C(=O)N[C@@H](CC(C)C)C(=O)N[C@@H](C)/C=C/C(=O)N1C(=O)C=C(OC)[C@@H]1C)N(C)C
Cathepsin B	628.0	'='	Homo sapiens	CC(C)[C@H](NC(=O)[C@H](C)NC(=O)[C@@H](NC(=O)c1ccnc2ccccc12)C(C)(C)C)C(=O)C(=O)NC1CCCCC1
Cathepsin B	984.0	'='	Homo sapiens	CC(C)[C@H](NC(=O)[C@H](C)NC(=O)[C@@H](NC(=O)c1ccccc1)C(C)(C)C)C(=O)C(=O)NCc1ccc(S(N)(=O)=O)cc1
Cathepsin B	3981.07	'='	Homo sapiens	Cc1cccc(C[C@H](NC(=O)c2cc(C(C)(C)C)nn2C)C(=O)NCC#N)c1
Cathepsin B	396.8	'='	Homo sapiens	CC(=O)c1c(Nc2ccc(C)cc2Cl)[nH]c2c([N+](=O)[O-])cc(Cl)cc2c1=O
Cathepsin B	10000.1	'>'	Homo sapiens	COc1ccc(C(=O)c2cccc(/C(=N/NC(N)=S)c3ccc(OC)cc3)c2)cc1
Cathepsin B	170.0	'='	Homo sapiens	CCCC[C@H](NC(=O)O[C@H](Cn1ccc(-c2ccc(C(F)(F)F)cc2)n1)C(C)(C)C)C(=O)CNS(=O)(=O)c1ccccn1
Cathepsin B	45400.0	'='	Homo sapiens	Nc1cc(OC(=O)c2cccs2)nn1S(=O)(=O)c1ccccc1
Cathepsin B	100.0	'='	Homo sapiens	CCC(C)[C@H](NS(=O)(=O)c1cccc2ccccc12)C(=O)N[C@H](C=O)CC(C)C
Cathepsin B	311.0	'='	Homo sapiens	CC(C)C(NC(=O)[C@H](C)NC(=O)[C@H](Cc1ccccc1)NC(=O)c1ccccc1)C(=O)C(=O)NC1CCOCC1
Cathepsin B	283.0	'='	Homo sapiens	CC(C)[C@H](NC(=O)[C@H](C)NC(=O)[C@@H](NC(=O)C1CCN(C)CC1)C(C)(C)C)C(=O)C(=O)NCc1ccccc1
Cathepsin B	2900.0	'='	Homo sapiens	N#CCNC(=O)C1(NC(=O)c2ccc(-c3csc(N4CCOCC4)n3)cc2)CCCCC1
Cathepsin B	225000.0	'='	Homo sapiens	Cc1ccc2nc(C(=O)C(C)NC(=O)[C@H](CC(=O)N(C)C)NC(=O)[C@@H](NC(=O)CC(C)(C)C)C(C)(C)C)oc2c1
Cathepsin B	30000.1	'>'	Homo sapiens	CC(=O)N1CCN(c2ccc(OCc3cc4cnc(C#N)nc4n3CCC3CCC(F)(F)CC3)cc2)CC1
Cathepsin B	10.2	'='	Homo sapiens	Cc1cccc(C[C@H](NC(=O)C(c2ccccc2)c2ccccc2)C(=O)N[C@H](C#N)COCc2ccccc2)c1
Cathepsin B	25118.96	'>'	Homo sapiens	CC(C)(C)OC(=O)N1CC[C@@H](NS(=O)(=O)c2cccc(Br)c2)C1
Cathepsin B	1400.0	'='	Homo sapiens	CC(C)C[C@H](NC(=O)OCC(C)(C)Sc1cccc(Cl)c1)C(=O)N[C@H](C=O)C[C@@H]1CCNC1=O
Cathepsin B	300000.1	'>'	Homo sapiens	Cc1cccc2oc(C(=O)C(C)NC(=O)[C@H](CC(=O)N(C)C)NC(=O)[C@@H](NC(=O)CC(C)(C)C)C(C)(C)C)nc12
Cathepsin B	554.0	'='	Homo sapiens	CC(C)CC(C(=O)NCC#N)c1cccc(-c2ccc(C3=CCNCC3)cc2)c1
Cathepsin B	4400.0	'='	Homo sapiens	N#CCNC(=O)C1(NC(=O)c2ccc(N3CCOCC3)cc2)CCCCC1
Cathepsin B	5.6	'='	Homo sapiens	Cc1cccc(C[C@H](NC(=O)C(c2ccccc2)c2ccccc2)C(=O)N[C@H](C#N)CC#Cc2cccc(C(=O)O)c2)c1
Cathepsin B	20.0	'='	Homo sapiens	CCCC[C@H](NC(=O)O[C@H](Cn1ccc(-c2ccc(C(F)(F)F)cc2)n1)C(C)(C)C)C(=O)C(=O)Nc1ccn[nH]1
Cathepsin B	10000.1	'>'	Homo sapiens	CC(C)CC(C(=O)N(CC#N)OC(=O)C(F)(F)F)c1cccc(-c2ccncc2)c1
Cathepsin B	100000.1	'>'	Homo sapiens	N#Cc1ccccc1N1CCN(C[C@@H](O)COC[C@H](Cc2ccccc2)NS(=O)(=O)c2ccc(Br)cc2)CC1
Cathepsin B	100000.1	'>'	Homo sapiens	N#Cc1ccccc1N1CCN(C[C@@H](O)COC[C@H](Cc2ccccc2)NS(=O)(=O)c2ccc(C(F)(F)F)cc2)CC1
Cathepsin B	50000.1	'>'	Homo sapiens	Cl.N[C@@H](C(=O)Nc1ccc2nc(SCC(=O)c3ccc4ccccc4c3)sc2c1)c1ccccc1
Cathepsin B	50000.1	'>'	Homo sapiens	CC(C)[C@@H](N)C(=O)Nc1ccc2nc(SCC(=O)c3ccc4ccccc4c3)sc2c1.Cl
Cathepsin B	10000.1	'>'	Homo sapiens	CCc1ccc2c(c1)/C(=N/NC(N)=S)CCS2(=O)=O
Cathepsin B	10000.1	'>'	Homo sapiens	CC(C)c1ccc2c(c1)/C(=N/NC(N)=S)CCS2(=O)=O
Cathepsin B	50.0	'='	Homo sapiens	CC(C)[C@H](NC(=O)[C@H](C)NC(=O)[C@H](Cc1ccccc1)NC(=O)c1ccccc1)C(=O)C(=O)NCc1ccccc1
Cathepsin B	100000.1	'>'	Homo sapiens	N#Cc1ccccc1N1CCN(C[C@@H](O)COC[C@@H](Cc2ccccc2)NS(=O)(=O)c2ccc(Br)cc2)CC1
Cathepsin B	100000.1	'>'	Homo sapiens	N#Cc1ccccc1N1CCN(C[C@H](O)COC[C@@H](Cc2ccccc2)NC(=O)c2ccncc2)CC1
Cathepsin B	511.0	'='	Homo sapiens	CC(C)[C@H](NC(=O)[C@H](C)NC(=O)[C@@H](NC(=O)c1ccccc1)C(C)(C)C)C(=O)C(=O)NCC(=O)N1CCc2ccccc2C1
Cathepsin B	10000.1	'>'	Homo sapiens	N#CC1(NC(=O)[C@H](CS(=O)(=O)Cc2c(F)cccc2F)N[C@@H](c2ccc(F)cc2)C(F)(F)F)CC1
Cathepsin B	30000.1	'>'	Homo sapiens	N#Cc1nc(NCc2ccc(Cl)c(Cl)c2)c2ncn(CC(O)CO)c2n1
Cathepsin B	30000.1	'>'	Homo sapiens	N#Cc1nc(NCc2ccccc2)c2ncn(C3CCCC3)c2n1
Cathepsin B	480.0	'='	Homo sapiens	CCC(C)[C@H](NS(=O)(=O)c1cccc2ccccc12)C(=O)N[C@@H](C)C=O
Cathepsin B	35000.0	'='	Homo sapiens	CCCC[C@@H](/C=N/NC(=O)N1CCc2ccccc21)NC(=O)OC(C)(C)C
Cathepsin B	33.1	'='	Homo sapiens	C[C@@H](OCc1ccccc1)[C@@H](C#N)NC(=O)[C@H](Cc1cccc(Cl)c1)NC(=O)c1cccc(-c2cccnc2)c1
Cathepsin B	42.3	'='	Homo sapiens	C[C@@H](OCc1ccccc1)[C@@H](C#N)NC(=O)[C@H](Cc1cccc(Cl)c1)NC(=O)c1ccc(-c2ccccc2)cc1
Cathepsin B	10000.1	'>'	Homo sapiens	CCCc1cc(-c2cccc(CC)c2)nc(C#N)n1
Cathepsin B	530.0	'='	Homo sapiens	CC[C@@H](C)[C@H](NC(=O)OCc1ccccc1)C(=O)N[C@@H](C=O)Cc1c[nH]c2ccccc12
Cathepsin B	3000.1	'>'	Homo sapiens	N#C[C@]1(NC(=O)[C@@H](N)Cc2ccccc2F)C[C@H]1c1ccccc1.O=C(O)C(F)(F)F
Cathepsin B	300000.1	'>'	Homo sapiens	Cc1cccc2nc(C(=O)C(C)NC(=O)[C@H](CC(=O)N(C)C)NC(=O)[C@@H](NC(=O)CC(C)(C)C)C(C)(C)C)oc12
Cathepsin B	19000.0	'='	Homo sapiens	N#CCNC(=O)[C@H](CC1CCCCC1)NC(=O)c1ccccc1
Cathepsin B	10000.1	'>'	Homo sapiens	CN1CC/C(=N\NC(N)=S)c2cc(Br)ccc21
Cathepsin B	10000.1	'>'	Homo sapiens	NC(=S)N/N=C1\CCNc2ccc(Br)cc21
Cathepsin B	25118.96	'>'	Homo sapiens	C[C@H]1C[C@@H](NS(=O)(=O)c2cccc(Br)c2)CN1C#N
Cathepsin B	2847.0	'='	Homo sapiens	CC(C)[C@H](NC(=O)[C@H](C)NC(=O)[C@@H](N1Cc2ccccc2C1=O)C(C)(C)C)C(=O)C(=O)NCc1ccc(CN(C)C)cc1
Cathepsin B	494.0	'='	Homo sapiens	CNC(=O)C(=O)[C@@H](NC(=O)[C@H](C)NC(=O)[C@@H](NC(=O)c1ccccc1)C(C)(C)C)C(C)C
Cathepsin B	67.0	'='	Homo sapiens	CCC[C@H](NC(=O)[C@H](Cc1ccccc1)NC(=O)c1ccccc1)C(=O)N[C@H](C(=O)C(=O)NC1CCCCC1)C(C)C
Cathepsin B	270.0	'='	Homo sapiens	CCCC[C@@H](/C=N/NC(=O)N1CCOCC1)NC(=O)O[C@@H](C)Cc1ccccc1
Cathepsin B	460.0	'='	Homo sapiens	CCCC[C@@H](C=O)NC(=O)O[C@@H](C)Cc1ccccc1
Cathepsin B	10000.1	'>'	Homo sapiens	CCN1CCN(CCCOc2ccc(-c3cc4c(ncn4C)c(C#N)n3)cc2C(F)(F)F)CC1
Cathepsin B	1800.0	'='	Homo sapiens	N#Cc1nc(Nc2cccc(OC(F)(F)F)c2)nc(NC2CCNCC2)n1
Cathepsin B	50000.1	'>'	Homo sapiens	C/N=c1\nc(-c2ccccc2)n(-c2ccccc2)s1
Cathepsin B	3404.0	'='	Homo sapiens	CC(C)[C@H](NC(=O)[C@H](C)NC(=O)[C@@H](NC(=O)c1ccnc2ccccc12)C(C)(C)C)C(=O)C(=O)NCc1ccccc1
Cathepsin B	20.0	'='	Homo sapiens	CC(C)[C@H](NC(=O)[C@H](C)NC(=O)[C@@H](NC(=O)c1ccccc1)C(C)(C)C)C(=O)C(N)=O
Cathepsin B	367.0	'='	Homo sapiens	CC(C)[C@H](NC(=O)[C@H](C)NC(=O)[C@@H](NC(=O)c1ccccc1)C(C)(C)C)C(=O)C(=O)NCc1cn[nH]c1
Cathepsin B	110.0	'='	Homo sapiens	CC[C@@H](C)[C@H](NS(=O)(=O)c1ccc(C)cc1)C(=O)N[C@@H](C=O)Cc1c[nH]c2ccccc12
Cathepsin B	10000.1	'>'	Homo sapiens	COc1ccc2c(c1)/C(=N/NC(N)=S)CCS2(=O)=O
Cathepsin B	10000.1	'>'	Homo sapiens	CC(=O)Nc1ccc2c(c1)/C(=N/NC(N)=S)CCS2(=O)=O
Cathepsin B	10000.1	'>'	Homo sapiens	CC(C)Oc1ccc(C(=O)c2cccc(/C(=N/NC(N)=S)c3ccc(OC(C)C)cc3)c2)cc1
Cathepsin B	10000.1	'>'	Homo sapiens	NC(=S)N/N=C(\c1ccccc1)c1cccc(C(O)c2ccccc2)c1
Cathepsin B	1258.93	'='	Homo sapiens	N#CN1CC[C@@H](NC(=O)Nc2ccccc2)C1
Cathepsin B	10000.1	'>'	Homo sapiens	CC(C)CC(C(=O)NCC#N)c1cccc(-c2ccccc2)c1
Cathepsin B	10000.1	'>'	Homo sapiens	CC(C)CC(C(=O)NCC#N)c1cccc(-c2ccc(S(C)(=O)=O)cc2)c1
Cathepsin B	2227.0	'='	Homo sapiens	CC(C)CC(C(=O)NCC#N)c1cccc(-c2ccc(C34CCN(CC3)CC4)cc2)c1
Cathepsin B	459.0	'='	Homo sapiens	CC(C)[C@H](NC(=O)[C@H](C)NC(=O)[C@@H](NC(=O)c1ccccc1)C(C)(C)C)C(=O)C(=O)N[C@H](C)c1ccccc1
Cathepsin B	4000.0	'='	Homo sapiens	N#Cc1nc(NCc2cccc(-c3ccsc3)c2)c2ncn(CCCO)c2n1
Cathepsin B	15000.1	'>'	Homo sapiens	CC(=O)Nc1cccc(-c2cccc(CNc3nc(C#N)nc4c3ncn4CCCO)c2)c1
Cathepsin B	1900.0	'='	Homo sapiens	Cc1cccc(C[C@H](NC(=O)c2ccccc2)C(=O)NCC#N)c1
Cathepsin B	29.0	'='	Homo sapiens	Cc1cccc(C[C@H](NC(=O)C(c2ccccc2)c2ccccc2)C(=O)N[C@H](C#N)COCc2cccc(CO)c2)c1
Cathepsin B	3500.0	'='	Homo sapiens	COc1ccc(Nc2nc(C#N)nc(NC3CCNCC3)n2)cc1
Cathepsin B	3.11	'='	Homo sapiens	CC(=O)c1c(Nc2ccc(C(C)(C)C)cc2)[nH]c2c(Cl)cc([N+](=O)[O-])cc2c1=O
Cathepsin B	1600.0	'='	Homo sapiens	CC(=O)Oc1cccc(/C(=N\NC(N)=S)c2cccc(Br)c2)c1
Cathepsin B	10000.1	'>'	Homo sapiens	NC(=S)N/N=C(/c1cccc(Br)c1)c1cccc(OCc2ccccc2)c1
Cathepsin B	4700.0	'='	Homo sapiens	N#Cc1nc(NCc2cccc(-c3ccco3)c2)c2ncn(CCCO)c2n1
Cathepsin B	50000.1	'>'	Homo sapiens	C=Cc1cccc(-c2cccc(CNc3nc(C#N)nc4c3ncn4CCCO)c2)c1
Cathepsin B	5000.0	'='	Homo sapiens	CCCC[C@H](NC(=O)OCC(C)(C)c1ccccc1)C(=O)C(=O)N[C@H](C)c1ccccc1
Cathepsin B	5000.1	'>'	Homo sapiens	C[C@@H](NC(=O)C(=O)[C@H](CCCCNC(=O)N1CCOCC1)NC(=O)OCC1(Cc2ccc(F)cc2)CCC1)c1ccccc1
Cathepsin B	30000.1	'>'	Homo sapiens	COCOCCn1cnc2c(NCc3ccc(Cl)c(Cl)c3)nc(C#N)nc21
Cathepsin B	30000.1	'>'	Homo sapiens	N#Cc1nc(NCc2ccc(Cl)c(Cl)c2)c2ncn(Cc3ccccc3)c2n1
Cathepsin B	10000.1	'>'	Homo sapiens	NC(=S)N/N=C(\c1cc(F)cc(F)c1)c1cccc(Br)c1
Cathepsin B	10000.1	'>'	Homo sapiens	NC(=S)N/N=C(/c1cccc(Br)c1)c1cc(F)c(F)c(F)c1
Cathepsin B	300.0	'='	Homo sapiens	N#CN1CCC(NC(=O)c2ccc(-c3ccccc3)cc2)C1
Cathepsin B	1000.1	'>'	Homo sapiens	O=C[C@H](Cc1c[nH]c2ccccc12)NC(=O)C(Cc1ccccc1)Cc1ccccc1
Cathepsin B	25118.96	'>'	Homo sapiens	N#CN1CCCC1
Cathepsin B	3981.07	'='	Homo sapiens	N#CN1CC[C@@H](NC(=O)c2ccc(F)cc2)C1
Cathepsin B	10000.1	'>'	Homo sapiens	Cc1nnc(CN2CCC(CCOc3ccc(-c4cc5c(ncn5C)c(C#N)n4)cc3C(F)(F)F)CC2)o1
Cathepsin B	10000.1	'>'	Homo sapiens	CC(=O)N1CCC(CCOc2ccc(-c3cc4c(ncn4C)c(C#N)n3)cc2C(F)(F)F)CC1
Cathepsin B	26900.0	'='	Homo sapiens	O=C(/C=C/c1ccco1)C(C(=O)/C=C/c1ccco1)=C1SCCCS1
Cathepsin B	680.0	'='	Homo sapiens	O=C(N[C@@H](Cc1ccccc1)C(=O)N[C@@H](Cc1ccccc1)C(=O)CF)OCc1ccccc1
Cathepsin B	50000.1	'>'	Homo sapiens	C=Cc1ccc(-c2cccc(CNc3nc(C#N)nc4c3ncn4CCCO)c2)cc1
Cathepsin B	8400.0	'='	Homo sapiens	N#Cc1nc(NCc2cccc(-c3ccccc3)c2)c2ncn(CCCO)c2n1
Cathepsin B	10.0	'='	Homo sapiens	CC(C)C[C@H](NC(=O)[C@H]1O[C@@H]1C(=O)O)C(=O)NCCCCN=C(N)N
Cathepsin B	2000.0	'='	Homo sapiens	CC(C)C[C@H](NC(=O)OCC(C)(C)Sc1ccccc1)C(=O)N[C@@H](C[C@@H]1CCNC1=O)C(=O)C(=O)NC1CC1
Cathepsin B	2000.0	'='	Homo sapiens	[2H]C([2H])(OC(=O)N[C@@H](CC(C)C)C(=O)N[C@H](C=O)C[C@@H]1CCNC1=O)C(C)(C)Sc1ccccc1
Cathepsin B	30000.1	'>'	Homo sapiens	N#Cc1nc(NCc2ccc(F)cc2)c2ncn(CCCCO)c2n1
Cathepsin B	30000.1	'>'	Homo sapiens	CCCCn1cnc2c(NCCc3ccccc3)nc(C#N)nc21
Cathepsin B	30000.1	'>'	Homo sapiens	N#Cc1nc(NCc2ccc(Cl)cc2)c2ncn(C3CCCC3)c2n1
Cathepsin B	30000.1	'>'	Homo sapiens	CC(Nc1nc(C#N)nc2c1ncn2Cc1ccccc1)c1ccccc1
Cathepsin B	30000.1	'>'	Homo sapiens	CCCCCCNc1nc(C#N)nc2c1ncn2CC1CCCCC1
Cathepsin B	10000.1	'>'	Homo sapiens	N#CCNC(=O)[C@H](Cc1cccc(-c2nncs2)c1)NC(=O)c1ccccc1
Cathepsin B	7690.0	'='	Homo sapiens	Cc1ccc(CNc2nc(C#N)nc3c2ncn3CCCO)cc1
Cathepsin B	71.0	'='	Homo sapiens	C[C@H](NC(=O)O[C@H](Cn1cnc2cc(Cl)c(Cl)cc21)C(C)(C)C)C(=O)CNS(=O)(=O)c1ccccn1
Cathepsin B	310.0	'='	Homo sapiens	C[C@H](NC(=O)O[C@H](Cn1ccc(-c2ccc(C(F)(F)F)cc2)n1)C(C)(C)C)C(=O)CNS(=O)(=O)c1ccccn1
Cathepsin B	5000.1	'>'	Homo sapiens	N#CC1(NC(=O)C(Cc2ccc(Cl)nc2)NC(=O)c2ccc(-c3ccccc3)cc2)CC1
Cathepsin B	200.0	'='	Homo sapiens	N#CN1CCC(NC(=O)OCc2ccccc2)C1
Cathepsin B	47.0	'='	Homo sapiens	COC(=O)c1cccc(COC[C@@H](C#N)NC(=O)[C@H](Cc2cccc(C)c2)NC(=O)C(c2ccccc2)c2ccccc2)c1
Cathepsin B	30000.1	'>'	Homo sapiens	[N-]=[N+]=CC(=O)[C@H](Cc1ccccc1)NC(=O)CN
Cathepsin B	10000.1	'>'	Homo sapiens	CCCc1cc(-c2ccc(C(F)(F)F)cc2)nc(C#N)n1
Cathepsin B	10000.1	'>'	Homo sapiens	CCCc1cc(-c2cccc(Br)c2)nc(C#N)n1
Cathepsin B	10000.1	'>'	Homo sapiens	NC(=S)N/N=C1\CCSc2cc(F)c(F)cc21
Cathepsin B	10000.1	'>'	Homo sapiens	COc1ccc2c(c1)/C(=N/NC(N)=S)CCS2
Cathepsin B	10000.1	'>'	Homo sapiens	NC(=S)N/N=C1\CCS(=O)(=O)c2c(F)cc(Br)cc21
Cathepsin B	10000.1	'>'	Homo sapiens	NC(=S)N/N=C(/c1ccccc1)c1ccccc1F
Cathepsin B	10000.1	'>'	Homo sapiens	NC(=S)NN=C(c1cccc(F)c1)c1cccc(F)c1
Cathepsin B	3981.07	'='	Homo sapiens	N#CN1CC[C@H](NS(=O)(=O)c2ccccc2)C1
Cathepsin B	10000.1	'>'	Homo sapiens	CN(C)C(=O)CN1CCC(CCOc2ccc(-c3cc4c(ncn4C)c(C#N)n3)cc2C(F)(F)F)CC1
Cathepsin B	10000.1	'>'	Homo sapiens	Cn1cnc2c(C#N)nc(-c3ccc(OCCC4CCN(Cc5ncco5)CC4)c(C(F)(F)F)c3)cc21
Cathepsin B	6309.57	'='	Homo sapiens	N#CCNC(=O)[C@H](Cc1cccc(-c2ccccn2)c1)NC(=O)c1ccccc1
Cathepsin B	10000.1	'>'	Homo sapiens	Cn1nc(C(C)(C)C)cc1C(=O)N[C@@H](Cc1cccc(-c2nnco2)c1)C(=O)NCC#N
Cathepsin B	20000.0	'='	Homo sapiens	CCCC[C@H](NC(=O)O[C@H](Cn1ccc(-c2ccc(C(F)(F)F)cc2)n1)C(C)(C)C)C(=O)C(=O)Nc1ccn[nH]1
Cathepsin B	870000.0	'='	Homo sapiens	CCCC[C@H](NC(=O)O[C@H](Cn1cnc(-c2ccc(C(F)(F)F)cc2)c1)C(C)(C)C)C(=O)C(=O)Nc1nccs1
Cathepsin B	3981.07	'='	Homo sapiens	Cn1nc(C(C)(C)C)cc1C(=O)N[C@@H](Cc1cccc(-c2nnc(CN)o2)c1)C(=O)NCC#N
Cathepsin B	10000.1	'>'	Homo sapiens	CC(C)CC(C(=O)NCC#N)c1cccc(-c2cccnc2)c1
Cathepsin B	1075.0	'='	Homo sapiens	CC(C)CC(C(=O)NCC#N)c1cccc(-c2ccc(C3CCNCC3)cc2)c1
Cathepsin B	10000.1	'>'	Homo sapiens	NC(=S)N/N=C(/c1cccc(Br)c1)c1cccnc1Br
Cathepsin B	1.8	'='	Homo sapiens	Cc1cccc(C[C@H](NC(=O)C(c2ccccc2)c2ccccc2)C(=O)N[C@H](C#N)COCc2cccc(C(=O)O)c2)c1
Cathepsin B	72.0	'='	Homo sapiens	CCCC[C@@H](C=O)NC(=O)O[C@@H](CC)Cc1ccccc1
Cathepsin B	3500000.0	'='	Homo sapiens	CCCC[C@H](NC(=O)O[C@H](Cc1nnc(-c2ccc(F)cc2)o1)C(C)(C)C)C(=O)C(=O)Nc1cc[nH]n1
Cathepsin B	5000.1	'>'	Homo sapiens	CCCC[C@H](NC(=O)OCC1(Cc2ccccc2)CCCC1)C(=O)C(=O)N[C@H](C)c1ccccc1
Cathepsin B	10000.1	'>'	Homo sapiens	Cc1ccc2c(c1)/C(=N/NC(N)=S)CCS2
Cathepsin B	75000.0	'='	Homo sapiens	N#CN1CCCC1CNC(=O)c1ccccc1
Cathepsin B	1000000.1	'>'	Homo sapiens	CCC[C@H](NC(=O)[C@@H]1CCCN1C(=O)[C@@H](NC(=O)[C@@H](NC(=O)[C@@H](CC(=O)O)NC(=O)[C@H](CC(=O)O)NC(C)=O)[C@@H](C)CC)C(C)C)C(=O)O
Cathepsin B	72.0	'='	Homo sapiens	CCCC[C@H](NC(=O)O[C@H](Cn1cc(-c2ccc(C(F)(F)F)cc2)cn1)C(C)(C)C)C(=O)CNS(=O)(=O)c1ccccn1
Cathepsin B	30000.1	'>'	Homo sapiens	N#Cc1nc(NCc2ccc(Br)cc2)c2ncn(Cc3ccccc3)c2n1
Cathepsin B	140.0	'='	Homo sapiens	CCOC(=O)/C=C/C(=O)[C@H](C)NC(=O)[C@H](Cc1ccccc1)NC(=O)OCc1ccccc1
Cathepsin B	915.0	'='	Homo sapiens	CC(C)CC(NC(=O)c1ccc(-c2ccc(S(C)(=O)=O)cc2)cc1)C(=O)N(C)N(C)C#N
Cathepsin B	2000.0	'='	Homo sapiens	N#CN1CCC1
Cathepsin B	1000000.1	'>'	Homo sapiens	CCC[C@@H](NC(=O)[C@@H]1CCCN1C(=O)[C@@H](NC(=O)[C@@H](NC(=O)[C@@H](CC(=O)O)NC(=O)[C@H](CC(=O)O)NC(C)=O)[C@@H](C)CC)C(C)C)C(=O)NCc1ccccc1
Cathepsin B	416000.0	'='	Homo sapiens	CCC[C@H](NC(=O)[C@@H]1CCCN1C(=O)[C@@H](NC(=O)[C@@H](NC(=O)[C@@H](CC(=O)O)NC(=O)[C@H](CC(=O)O)NC(C)=O)[C@@H](C)CC)C(C)C)C(=O)C(F)(F)C(F)(F)F
Cathepsin B	358.0	'='	Homo sapiens	Cc1cc(CN)cc(C[C@H](NC(=O)C(c2ccccc2)c2ccccc2)C(=O)NCC#N)c1
Cathepsin B	1800.0	'='	Homo sapiens	Cc1ccc(/C(=N\NC(N)=S)c2cc(Cl)cc(Cl)c2)cc1
Cathepsin B	210.0	'='	Homo sapiens	Cc1ccc(/C(=N/NC(N)=S)c2cccc(C(F)(F)F)c2)cc1
Cathepsin B	110.0	'='	Homo sapiens	Cc1cccc(C[C@H](NC(=O)c2ccc(F)cc2F)C(=O)N[C@H](C#N)CCCc2cccc(C(=O)O)c2)c1
Cathepsin B	300.0	'='	Homo sapiens	NC(=S)N/N=C(/c1cc(C(F)(F)F)cc(C(F)(F)F)c1)c1cccs1
Cathepsin B	500.1	'>'	Homo sapiens	CCCC[C@H](NC(=O)OCC1(Cc2ccc(F)cc2)CCC1)C(=O)C(=O)Nc1ccn[nH]1
Cathepsin B	100000.1	'>'	Homo sapiens	COc1ccc(/C=C/C(=O)NC[C@@H](Cc2ccccc2)NS(=O)(=O)c2ccc(C(F)(F)F)cc2)cc1OC
Cathepsin B	100000.1	'>'	Homo sapiens	COc1ccc(/C=C/C(=O)NC[C@H](Cc2ccccc2)NS(=O)(=O)c2ccc(Br)cc2)cc1OC
Cathepsin B	11.0	'='	Homo sapiens	CC(C)C(NC(=O)OCc1ccccc1)C(=O)N1CCCCN1C#N
Cathepsin B	32.0	'='	Homo sapiens	Cc1cccc(NC(C(=O)N2CCCCN2C#N)C(C)C)c1
Cathepsin B	110.0	'='	Homo sapiens	CC(C)C(Nc1ccc(Cl)cc1)C(=O)N1CCCCN1C#N
Cathepsin B	10000.1	'>'	Homo sapiens	NC(=S)N/N=C1\CCNc2c(Cc3ccccc3)cccc21
Cathepsin B	10000.1	'>'	Homo sapiens	NC(=S)N/N=C1\CCCSc2cc(F)c(F)cc21
Cathepsin B	10000.1	'>'	Homo sapiens	NC(=S)N/N=C1\CCCSc2ccc([N+](=O)[O-])cc21
Cathepsin B	10000.1	'>'	Homo sapiens	NC(=S)N/N=C1\CCCCc2ccccc21
Cathepsin B	10000.1	'>'	Homo sapiens	Cc1nnc(-c2cccc(C[C@H](NC(=O)c3cc(C(C)(C)C)nn3C)C(=O)NCC#N)c2)o1
Cathepsin B	10000.1	'>'	Homo sapiens	NC(=S)N/N=C(/c1cccc(Br)c1)c1ccccc1Cl
Cathepsin B	10000.1	'>'	Homo sapiens	NC(=S)N/N=C(/c1cccc(Br)c1)c1cccc(C(F)(F)F)c1
Cathepsin B	10000.1	'>'	Homo sapiens	NC(=S)N/N=C(\c1ccc(Cl)cc1)c1ccc(Br)cc1
Cathepsin B	1270.0	'='	Homo sapiens	N#CC1(NC(=O)[C@H](CCCCN)NC(=O)c2ccc(-c3ccccc3)cc2)CC1
Cathepsin B	9.4	'='	Homo sapiens	Cc1cccc(C[C@H](NC(=O)c2ccccc2)C(=O)N[C@H](C#N)COCc2cccc(C(=O)O)c2)c1
Cathepsin B	270.0	'='	Homo sapiens	CC[C@@H](C)[C@H](NC(=O)NCc1ccccc1)C(=O)N[C@@H](C=O)Cc1c[nH]c2ccccc12
Cathepsin B	3453.0	'='	Homo sapiens	N#CC1(NC(=O)[C@H](CS(=O)(=O)c2ccc(Br)cc2)N[C@@H](c2ccccc2)C(F)(F)F)CC1
Cathepsin B	18.0	'='	Homo sapiens	Cc1cccc(C[C@H](NC(=O)C(c2ccccc2)c2ccccc2)C(=O)N[C@H](C#N)CCCc2cccc(C(=O)O)c2)c1
Cathepsin B	30000.1	'>'	Homo sapiens	CCCCn1cnc2c(NCc3ccc(Br)cc3)nc(C#N)nc21
Cathepsin B	30000.1	'>'	Homo sapiens	N#Cc1nc(NCCc2ccccc2)c2ncn(Cc3cccnc3)c2n1
Cathepsin B	1500.0	'='	Homo sapiens	CC[C@@H](C)[C@H](NS(=O)(=O)c1cccc2ccccc12)C(=O)N[C@@H](C=O)Cc1c[nH]c2ccccc12
Cathepsin B	30000.1	'>'	Homo sapiens	CCCCn1cnc2c(NCc3ccc(Cl)c(Cl)c3)nc(C#N)nc21
Cathepsin B	30000.1	'>'	Homo sapiens	CCCCn1cnc2c(NCc3ccc(Cl)cc3)nc(C#N)nc21
Cathepsin B	10000.1	'>'	Homo sapiens	COc1ccc(/C(=N/NC(N)=S)c2cccc(/C(=N/NC(N)=S)c3ccc(OC)cc3)c2)cc1
Cathepsin B	10000.1	'>'	Homo sapiens	CN(/N=C(/c1ccccc1)c1cccc(C(=O)c2ccccc2)c1)C(N)=S
Cathepsin B	34.0	'='	Homo sapiens	N#Cc1nc(Nc2cccc([N+](=O)[O-])c2)nc(N2CCNCC2)n1
Cathepsin B	2971.0	'='	Homo sapiens	N#CC1(NC(=O)[C@H](CS(=O)(=O)c2nc3ccccc3s2)N[C@@H](c2ccccc2)C(F)(F)F)CC1
Cathepsin B	10000.1	'>'	Homo sapiens	N#Cc1nc(CCCN2CCCCC2)cc(C2CCCCCC2)n1
Cathepsin B	15000.1	'>'	Homo sapiens	N#Cc1nc(NCc2cccc(-c3ccccc3Cl)c2)c2ncn(CCCO)c2n1
Cathepsin B	15000.1	'>'	Homo sapiens	Cc1ccccc1-c1cccc(CNc2nc(C#N)nc3c2ncn3CCCO)c1
Cathepsin B	8600.0	'='	Homo sapiens	N#Cc1nc(NCc2cccc(-c3ccoc3)c2)c2ncn(CCCO)c2n1
Cathepsin B	15000.1	'>'	Homo sapiens	N#Cc1nc(NCc2cccc(-c3ccc(Cl)cc3)c2)c2ncn(CCCO)c2n1
Cathepsin B	15000.0	'='	Homo sapiens	N#CN1CCCC1
Cathepsin B	10000.1	'>'	Homo sapiens	CN1CCN(c2ccc(-c3cccc(CC(=O)NCC#N)c3)cc2)CC1
Cathepsin B	1000.1	'>'	Homo sapiens	N#CCNC(=O)[C@H](Cc1ccc(I)cc1)NC(=O)C(c1ccccc1)c1ccccc1
Cathepsin B	57.8	'='	Homo sapiens	C[C@@H](OCc1ccccc1)[C@@H](C#N)NC(=O)[C@H](Cc1cccc(Cl)c1)NC(=O)c1ccc(-c2ccccc2)cc1
Cathepsin B	39.4	'='	Homo sapiens	C[C@@H](OCc1ccccc1)[C@@H](C#N)NC(=O)[C@H](Cc1cccc(Br)c1)NC(=O)c1ccc(-c2ccccc2)cc1
Cathepsin B	5011.87	'='	Homo sapiens	N#CN1CCC(CCc2ccccc2)C1
Cathepsin B	15800.0	'='	Homo sapiens	C#C[C@H](COCc1cccc(C(=O)O)c1)NC(=O)[C@H](Cc1cccc(C)c1)NC(=O)c1ccc(F)cc1
Cathepsin B	50000.1	'>'	Homo sapiens	C/N=c1\nc(-c2ccc(F)cc2)n(-c2ccccc2)s1
Cathepsin B	10000.0	'='	Homo sapiens	N#Cc1nc(Nc2cc(F)cc(F)c2)nc(NC2CCCC2)n1
Cathepsin B	10715.19	'='	Homo sapiens	CCn1cnc2c(Nc3cc(F)cc(F)c3)nc(C#N)nc21
Cathepsin B	10000.1	'>'	Homo sapiens	Cc1ccccc1/C(=N\NC(N)=S)c1cccc(Br)c1
Cathepsin B	10000.1	'>'	Homo sapiens	Cc1cccc(/C(=N\NC(N)=S)c2cccc(Br)c2)c1
Cathepsin B	10000.1	'>'	Homo sapiens	NC(=S)N/N=C(/c1ccc(Br)cc1)c1ccccc1Br
Cathepsin B	72.0	'='	Homo sapiens	Cc1cccc(C[C@H](NC(=O)c2ccc(Cl)cc2F)C(=O)NCC#N)c1
Cathepsin B	6200.0	'='	Homo sapiens	CCCC[C@H](NC(=O)OC(Cc1nnc(-c2ccc(F)cc2)o1)C(C)(C)C)C(=O)C(=O)N[C@H]1CCCNC1=O
Cathepsin B	300000.1	'>'	Homo sapiens	C[C@H](NC(=O)[C@H](CC(=O)N(C)C)NC(=O)[C@@H](NC(=O)CC(C)(C)C)C(C)(C)C)C(=O)C(F)(F)F
Cathepsin B	10000.1	'>'	Homo sapiens	CNC(=O)C(=O)C(C)NC(=O)c1ccc(OCc2ccccn2)c(C(F)(F)F)c1Cl
Cathepsin B	1500.0	'='	Homo sapiens	N#CN1CCC(CNS(=O)(=O)c2ccccc2)C1
Cathepsin B	4200.0	'='	Homo sapiens	N#CN1CCC(NC(=O)c2ccccc2)C1
Cathepsin B	10000.1	'>'	Homo sapiens	CCCc1cc(-c2cccc(C)c2)nc(C#N)n1
Cathepsin B	10000.1	'>'	Homo sapiens	CCCc1cccc(-c2cc(CCC)nc(C#N)n2)c1
Cathepsin B	10000.1	'>'	Homo sapiens	CCCc1cc(-c2ccc(C)c(C(F)(F)F)c2)nc(C#N)n1
Cathepsin B	27.0	'='	Homo sapiens	COc1ccc2c(O[C@@H]3C[C@H](C(=O)N[C@@H](CC4CC4)C(=O)C(=O)NC4CC4)N(C[C@@H](NC(=O)NC(C)(C)C)C(C)(C)C)C3)nccc2c1
Cathepsin B	10000.1	'>'	Homo sapiens	NC(=S)N/N=C(/c1cccc(Br)c1)c1ccccc1Br
Cathepsin B	10000.1	'>'	Homo sapiens	CCCc1cc(-c2cccc(Cl)c2)nc(C#N)n1
Cathepsin B	1000.1	'>'	Homo sapiens	N#CCNC(=O)[C@H](Cc1cccc(C(=N)N)c1)NC(=O)C(c1ccccc1)c1ccccc1
Cathepsin B	8055.0	'='	Homo sapiens	CN1CCN(c2ccc(-c3cccc(C(CC4CCC4)C(=O)NCC#N)c3)cc2)CC1
Cathepsin B	50000.1	'>'	Homo sapiens	N#Cc1nc(NCc2cccc(-c3ccc(Cl)c(Cl)c3)c2)c2ncn(CCCO)c2n1
Cathepsin B	10000.1	'>'	Homo sapiens	S=C(NN=C(c1cccc(Br)c1)c1cccc(Br)c1)Nc1ccccc1
Cathepsin B	136.0	'='	Homo sapiens	N#Cc1nc(NC[C@H](O)c2ccccc2)nc(N2CCNCC2)n1
Cathepsin B	6309.57	'='	Homo sapiens	Cn1cc(-c2cccc(C[C@H](NC(=O)c3ccccc3)C(=O)NCC#N)c2)cn1
Cathepsin B	3200.0	'='	Homo sapiens	CCC(C)[C@H](NS(=O)(=O)c1cccc2ccccc12)C(=O)NCC=O
Cathepsin B	370.0	'='	Homo sapiens	CC[C@@H](C)[C@H](NC(=O)Nc1cccc2ccccc12)C(=O)N[C@@H](C=O)Cc1c[nH]c2ccccc12
Cathepsin B	10000.1	'>'	Homo sapiens	CN(C)CCCOc1ccc(-c2cc3c(ncn3C)c(C#N)n2)cc1C(F)(F)F
Cathepsin B	88900.0	'='	Homo sapiens	O=C1NN(c2ccc(Cl)c(C(=O)O)c2)C(=O)/C1=C\c1ccc(-c2ccc(Cl)cc2)o1
Cathepsin B	40.0	'='	Homo sapiens	CCCC[C@H](NC(=O)O[C@H](Cn1cnc2cc(Cl)c(Cl)cc21)C(C)(C)C)C(=O)CNS(=O)(=O)c1ccccn1
Cathepsin B	3612.0	'='	Homo sapiens	N#CC1(NC(=O)[C@H](CS(=O)(=O)c2nccs2)N[C@@H](c2ccccc2)C(F)(F)F)CC1
Cathepsin B	3854.0	'='	Homo sapiens	CS(=O)(=O)C[C@H](N[C@@H](c1cccc(F)c1)C(F)(F)F)C(=O)NC1(C#N)CC1
Cathepsin B	1744.0	'='	Homo sapiens	CC(C)CC(C(=O)NCC#N)c1cccc(-c2ccc(N3CCOCC3)cc2)c1
Cathepsin B	10000.1	'>'	Homo sapiens	CC(C)CC(C(=O)NCC#N)c1cccc(-c2ccc(C(N)=O)cc2)c1
Cathepsin B	2241.0	'='	Homo sapiens	N#CC1(NC(=O)[C@H](Cc2ccc(O[C@@H]3CCNC3)cc2)NC(=O)c2ccc(-c3ccccc3)cc2)CC1
Cathepsin B	5788.0	'='	Homo sapiens	CC[C@H](C)CC(C(=O)NCC#N)c1cccc(-c2ccc(N3CCN(C)CC3)cc2)c1
Cathepsin B	6369.0	'='	Homo sapiens	CC(C)CC(C(=O)NCC#N)c1cccc(-c2ccc(N3CCN(CC(C)(C)O)CC3)cc2)c1
Cathepsin B	10000.1	'>'	Homo sapiens	CC(C)CC(C(=O)NCC#N)c1cccc(-c2ccc(C3COCCN3)cc2)c1
Cathepsin B	9.9	'<'	Homo sapiens	CCCCC(=O)N[C@@H](Cc1cccc(C)c1)C(=O)N[C@H](C#N)COCc1cccc(C(=O)O)c1
Cathepsin B	3049.0	'='	Homo sapiens	CC(C)[C@H](NC(=O)[C@H](C)NC(=O)[C@@H](N1Cc2ccccc2C1=O)C(C)(C)C)C(=O)C(=O)NCc1ccc(S(N)(=O)=O)cc1
Cathepsin B	10000.0	'='	Homo sapiens	COc1cccc(Nc2nc(C#N)nc(NC3CCNCC3)n2)c1
Cathepsin B	74000.0	'='	Homo sapiens	N#Cc1nc(Nc2cccc(OC(F)(F)F)c2)nc(N2CCOCC2)n1
Cathepsin B	10000.1	'>'	Homo sapiens	CC(C)CC(C(=O)NCC#N)c1cncc(-c2ccccc2)c1
Cathepsin B	300000.1	'>'	Homo sapiens	CN(C)C(=O)C[C@H](NC(=O)[C@@H](NC(=O)CC(C)(C)C)C(C)(C)C)C(=O)N[C@H]1CN(OCc2ccccc2)C1=O
Cathepsin B	10000.1	'>'	Homo sapiens	CC(C)CC(C(=O)NCC#N)c1cccc(-c2ccc(-n3cnnn3)cc2)c1
Cathepsin B	2200.0	'='	Homo sapiens	CCCC[C@@H](C=O)NC(=O)OC(CC)(CC)Cc1ccccc1
Cathepsin B	13.0	'='	Homo sapiens	CCCC[C@H](NC(=O)O[C@H](Cn1ccc(-c2ccncc2)n1)C(C)(C)C)C(=O)CNS(=O)(=O)c1ccccn1
Cathepsin B	130.0	'='	Homo sapiens	CCCC[C@H](NC(=O)O[C@H](Cn1cnc(-c2ccc(C(F)(F)F)cc2)c1)C(C)(C)C)C(=O)CNS(=O)(=O)c1ccccn1
Cathepsin B	5011.87	'='	Homo sapiens	N#CC1(NC(=O)[C@@H]2CCCC[C@H]2C(=O)N2CCN(c3nc(C(F)(F)F)c(Cl)s3)CC2)CC1
Cathepsin B	10000.1	'>'	Homo sapiens	Cn1cc(-c2cccc(C[C@H](NC(=O)c3cc(C(C)(C)C)nn3C)C(=O)NCC#N)c2)cn1
Cathepsin B	5011.87	'='	Homo sapiens	N#CCNC(=O)[C@H](Cc1cccc(-c2ccn[nH]2)c1)NC(=O)c1ccccc1
Cathepsin B	100000.1	'>'	Homo sapiens	CC(C)C[C@H](N[C@@H](c1ccc(-c2ccc(S(C)(=O)=O)cc2)cc1)C(F)(F)F)C(=O)NCC(N)=O
Cathepsin B	100000.1	'>'	Homo sapiens	CSCC[C@H](NC(=O)[C@H](CC(C)C)N[C@@H](c1ccc(-c2ccc(S(C)(=O)=O)cc2)cc1)C(F)(F)F)C(N)=O
Cathepsin B	5000.1	'>'	Homo sapiens	CCCC[C@H](NC(=O)OC1C2CC3CC(C2)CC1C3)C(=O)C(=O)N[C@H](C)c1ccccc1
Cathepsin B	3843.0	'='	Homo sapiens	CC(C)CC(C(=O)NCC#N)c1cccc(-c2ccc(N3CCN(C)CC3)cc2)c1
Cathepsin B	446.0	'='	Homo sapiens	CC(C)[C@H](NC(=O)[C@H](C)NC(=O)[C@@H](NC(=O)c1ccccc1)C(C)(C)c1ccccc1)C(=O)C(=O)NCc1ccccc1
Cathepsin B	100000.1	'>'	Homo sapiens	COc1ccc(C(=O)NCC(=O)NCC#N)cc1C(=O)C(C)(C)c1cc(Cl)cc(Cl)c1
Cathepsin B	242.0	'='	Homo sapiens	CC(C)[C@H](NC(=O)[C@H](C)NC(=O)[C@@H](NC(=O)c1ccccc1)C(C)(C)C)C(=O)C(=O)NCc1ccc(CN(C)C)cc1
Cathepsin B	2511.89	'='	Homo sapiens	Cc1nc(N2CCN(C(=O)[C@@H]3CCCC[C@H]3C(=O)NC3(C#N)CC3)CC2)sc1C
Cathepsin B	1995.26	'='	Homo sapiens	N#CC1(NC(=O)[C@@H]2CCCC[C@H]2C(=O)N2CCN(c3nc4c(s3)CCC4)CC2)CC1
Cathepsin B	30.7	'='	Homo sapiens	Cc1cccc(C[C@H](NC(=O)C(c2ccccc2)c2ccccc2)C(=O)N[C@H](C#N)COCc2ccc(C(=O)O)cc2)c1
Cathepsin B	5.0	'='	Homo sapiens	Cc1cccc(C[C@H](NC(=O)C(c2ccccc2)c2ccccc2)C(=O)N[C@H](C#N)COCc2cccc(C(=O)O)c2)c1
Cathepsin B	136.0	'='	Homo sapiens	CCc1cccc(C[C@H](NC(=O)C(c2ccccc2)c2ccccc2)C(=O)NCC#N)c1
Cathepsin B	90.0	'='	Homo sapiens	CCOC(=O)/C=C/C(=O)[C@H](CC(C)C)NC(=O)[C@H](CC(C)C)NC(=O)N1CCOCC1
Cathepsin B	32000.0	'='	Homo sapiens	CCCC[C@@H](C=O)NC(=O)OC(C)(C)C
Cathepsin B	27.0	'='	Homo sapiens	CCCC[C@@H](C=O)NC(=O)O[C@H](Cc1ccccc1)C(C)C
Cathepsin B	7943.28	'='	Homo sapiens	N#CCNC(=O)[C@H](Cc1cccc(-c2cn[nH]c2)c1)NC(=O)c1ccccc1
Cathepsin B	300000.1	'>'	Homo sapiens	CC(NC(=O)[C@H](CC(=O)N(C)C)NC(=O)[C@@H](NC(=O)CC(C)(C)C)C(C)(C)C)C(=O)C(F)(F)C(F)(F)F
Cathepsin B	56000.0	'='	Homo sapiens	CCCC[C@H](NC(=O)O[C@H](Cc1nnc(-c2ccccc2)o1)C(C)(C)CC)C(=O)C(=O)N[C@H](C)c1ccccc1
Cathepsin B	32000.0	'='	Homo sapiens	CCCC[C@H](NC(=O)O[C@H](Cc1nnc(-c2ccc(C(F)(F)F)cc2)o1)C(C)(C)C)C(=O)C(=O)N[C@H](C)c1ccccc1
Cathepsin B	160000.0	'='	Homo sapiens	N#Cc1nc(Nc2ccc(F)cc2)nc(N2CCOCC2)n1
Cathepsin B	700.0	'='	Homo sapiens	O=C(CF)CNC(=O)[C@H](Cc1ccccc1)NC(=O)c1ccccc1
Cathepsin B	13000.1	'>'	Homo sapiens	CCCC[C@H](NC(=O)O[C@H]1CCc2ccccc21)C(=O)C(=O)N[C@H](C)c1ccccc1
Cathepsin B	5200.0	'='	Homo sapiens	CCc1nnc(NS(=O)(=O)c2ccc(NC(=O)Nc3ccc(Cl)cc3)cc2)s1
Cathepsin B	100000.1	'>'	Homo sapiens	Cc1cccc(O[C@@H]2CCNC[C@@H]2O)c1C
Cathepsin B	5011.87	'='	Homo sapiens	CC(C)(C#N)c1cnc(N2CCN(C(=O)[C@@H]3CCCC[C@H]3C(=O)NC3(C#N)CC3)CC2)s1
Cathepsin B	25118.86	'='	Homo sapiens	N#CC1(NC(=O)[C@@H]2CCCC[C@H]2C(=O)N2CCN(c3nc4cccnc4s3)CC2)CC1
Cathepsin B	70.0	'='	Homo sapiens	CCOC(=O)/C=C/C(=O)[C@H](CCc1ccccc1)NC(=O)[C@H](Cc1ccccc1)NC(=O)OCc1ccccc1
Cathepsin B	10000.1	'>'	Homo sapiens	N#CCNC(=O)C1(NC(c2ccc(-c3ccc(N4CCNCC4)cc3)cc2)C(F)(F)F)CCCCC1
Cathepsin B	3000.0	'='	Homo sapiens	C=CC(=O)Nc1cc(Oc2nc(Nc3ccc(N4CCN(C)CC4)cc3OC)ccc2N2CCCCC2)ccc1C
Cathepsin B	4300.0	'='	Homo sapiens	N#Cc1nc(Nc2ccc(F)cc2)nc(NC2CCNCC2)n1
Cathepsin B	25118.96	'>'	Homo sapiens	C[C@@H]1C[C@@H](NS(=O)(=O)c2cccc(Br)c2)CN1C#N
Cathepsin B	25118.96	'>'	Homo sapiens	C[C@H]1C[C@@H](NS(=O)(=O)c2cc(Br)ccc2Br)CN1C#N
Cathepsin B	10000.1	'>'	Homo sapiens	Cn1cnc2c(C#N)nc(-c3ccc(OCCC4CCNCC4)c(C(F)(F)F)c3)cc21
Cathepsin B	10000.1	'>'	Homo sapiens	N#CCNC(=O)[C@H](Cc1cccc(-c2ccncc2)c1)NC(=O)c1ccccc1
Cathepsin B	46.0	'='	Homo sapiens	Cc1cccc(O[C@H]2CCN3C[C@@H]2OC3=O)c1C
Cathepsin B	10000.1	'>'	Homo sapiens	CC(C)(c1ccc(F)cc1)S(=O)(=O)C[C@H](N[C@@H](c1ccc(F)cc1)C(F)(F)F)C(=O)NC1(C#N)CC1
Cathepsin B	1000.0	'='	Homo sapiens	N#CC1(NC(=O)[C@H](CS(=O)(=O)CC2CC2)N[C@@H](c2ccc(F)cc2)C(F)(F)F)CC1
Cathepsin B	1980.0	'='	Homo sapiens	CS(=O)(=O)C[C@H](N[C@@H](c1ccccc1)C(F)(F)F)C(=O)NC1(C#N)CC1
Cathepsin B	1800.0	'='	Homo sapiens	Nc1cc(OC(=O)c2cccs2)nn1S(=O)(=O)c1ccccc1
Cathepsin B	337.0	'='	Homo sapiens	CC(C)CS(=O)(=O)C[C@H](N[C@@H](c1ccc(F)cc1)C(F)(F)F)C(=O)NC1(C#N)CC1
Cathepsin B	10000.1	'>'	Homo sapiens	NC(=S)N/N=C(\c1ccc(F)cc1)c1cccc(C(=O)c2ccc(F)cc2)c1
Cathepsin B	22000.0	'='	Homo sapiens	NC(=S)N/N=C(/CCc1ccccc1)c1cccc(F)c1
Cathepsin B	3900.0	'='	Homo sapiens	N#Cc1nc(NCc2cccc(-c3cccnc3)c2)c2ncn(CCCO)c2n1
Cathepsin B	15000.1	'>'	Homo sapiens	N#Cc1nc(NCc2cccc(-c3c(F)c(F)c(F)c(F)c3F)c2)c2ncn(CCCO)c2n1
Cathepsin B	15000.1	'>'	Homo sapiens	CN(C)c1cccc(-c2cccc(CNc3nc(C#N)nc4c3ncn4CCCO)c2)c1
Cathepsin B	4813.0	'='	Homo sapiens	N#CC1(NC(=O)[C@H](CS(=O)(=O)c2ccc(Cl)c(Cl)c2)N[C@@H](c2ccc(F)cc2)C(F)(F)F)CC1
Cathepsin B	170.0	'='	Homo sapiens	CS(=O)(=O)C[C@H](N[C@@H](c1ccc(-c2ccc(F)cc2)cc1)C(F)(F)F)C(=O)NC1(C#N)CC1
Cathepsin B	2500.0	'='	Homo sapiens	CC(C)C[C@H](NC(=O)c1ccc(-c2ccccc2)cc1)C(=O)NC1(C#N)CCS(=O)(=O)CC1
Cathepsin B	15400.0	'='	Homo sapiens	N#CCNC(=O)C1(NC(=O)c2ccc(N3CCOCC3)cc2)CCCCC1
Cathepsin B	3571.0	'='	Homo sapiens	CNC(=O)c1ccc(CNC(=O)C(=O)[C@@H](NC(=O)[C@H](C)NC(=O)[C@@H](N2Cc3ccccc3C2=O)C(C)(C)C)C(C)C)cc1
Cathepsin B	3890.0	'='	Homo sapiens	CC(=O)c1c(Nc2ccc(Cl)cc2Cl)[nH]c2c(Cl)ccc(Cl)c2c1=O
Cathepsin B	5000.1	'>'	Homo sapiens	CN(C)S(=O)(=O)NCCCC[C@H](NC(=O)OCC1(Cc2ccc(F)cc2)CCC1)C(=O)C(=O)NCc1cccnc1
Cathepsin B	3600.0	'='	Homo sapiens	CCCC[C@H](NC(=O)OCC1(Cc2ccccc2)CCC1)C(=O)C(=O)N[C@H](C)c1ccccc1
Cathepsin B	79.0	'='	Homo sapiens	N#Cc1nc(Nc2cccc([N+](=O)[O-])c2)nc(NC2CCCCC2)n1
Cathepsin B	2751.0	'='	Homo sapiens	N#CC1(NC(=O)[C@H](Cc2cccnc2)NC(=O)c2ccc(-c3ccccc3)cc2)CC1
Cathepsin B	22400.0	'='	Homo sapiens	CC1=NN(c2ccc(Cl)c(C(=O)O)c2)C(=O)/C1=C\c1ccc(C(C)C)cc1
Cathepsin B	2000.1	'>'	Homo sapiens	CCCC[C@H](NC(=O)OCC1(CCc2ccccc2)CCC1)C(=O)C(=O)N[C@H](C)c1ccccc1
Cathepsin B	10000.1	'>'	Homo sapiens	NC(=S)N/N=C(/c1ccccc1)c1cccs1
Cathepsin B	10000.1	'>'	Homo sapiens	NC(=S)N/N=C1\CCSc2c(F)cc(Br)cc21
Cathepsin B	10000.1	'>'	Homo sapiens	NC(=S)N/N=C1\CCSc2ccc([N+](=O)[O-])cc21
Cathepsin B	715.0	'='	Homo sapiens	CN(C)c1ccc(C[C@H](NC(=O)c2ccc(-c3ccccc3)cc2)C(=O)NC2(C#N)CC2)cc1
Cathepsin B	987.0	'='	Homo sapiens	CC(C)CN(NC(=O)c1ccc(CN2CCN(C)CC2)cc1)c1nc(C#N)ncc1Br
Cathepsin B	23.0	'='	Homo sapiens	CC[C@@H](C)[C@H](NS(=O)(=O)c1ccc2ccccc2c1)C(=O)N[C@@H](C=O)Cc1c[nH]c2ccccc12
Cathepsin B	530.0	'='	Homo sapiens	C[C@H](NS(=O)(=O)c1cccc2ccccc12)C(=O)N[C@@H](C=O)Cc1c[nH]c2ccccc12
Cathepsin B	10000.1	'>'	Homo sapiens	CC(C)Oc1ccc(C(=O)c2cccc(/C(=N/NC(N)=S)c3ccc(OC(C)C)cc3)c2)cc1
Cathepsin B	5200.0	'='	Homo sapiens	CCCC[C@H](NC(=O)O[C@H](Cc1nnc(-c2ccc(C(F)(F)F)cc2)o1)C(C)(C)C)C(=O)C(=O)NN1CCOC1=O
Cathepsin B	5000.1	'>'	Homo sapiens	CN1CCN(C(=O)C[C@H](NC(=O)c2ccc(-c3ccccc3)cc2)C(=O)NC2(C#N)CC2)CC1
Cathepsin B	2320.0	'='	Homo sapiens	CC(C)C[C@H](NC(=O)c1ccc(CN2CCN(C)CC2)cc1)C(=O)NC1(C#N)CCS(=O)(=O)CC1
Cathepsin B	10000.1	'>'	Homo sapiens	NC(=S)N/N=C(/c1cccc(Br)c1)c1cc(O)cc(Br)c1
Cathepsin B	10000.1	'>'	Homo sapiens	NC(=S)N/N=C1\CCS(=O)(=O)c2ccc(Br)cc21
Cathepsin B	72300.0	'='	Homo sapiens	N=C1S/C(=C\c2ccc(-c3ccc(O)c(C(=O)O)c3)o2)C(=O)N1c1nccs1
Cathepsin B	800.0	'='	Homo sapiens	N#Cc1nc(Nc2ccc(OC(F)(F)F)cc2)nc(NC2CCNCC2)n1
Cathepsin B	158.0	'='	Homo sapiens	CC(C)C[C@H](Nc1cscc1Br)C(=O)NCC#N
Cathepsin B	5000.1	'>'	Homo sapiens	N#CC1(NC(=O)[C@H](Cc2ccncc2)NC(=O)c2ccc(-c3ccccc3)cc2)CC1
Cathepsin B	519.0	'='	Homo sapiens	S=C1O[C@@H]2CN1CC[C@@H]2Oc1ccccc1
Cathepsin B	12690.0	'='	Homo sapiens	CC(=O)c1c(Nc2ccc(Cl)cc2Cl)[nH]c2c([N+](=O)[O-])cc(Cl)cc2c1=O
Cathepsin B	30000.1	'>'	Homo sapiens	CCCCn1cnc2c(NC(C)c3ccccc3)nc(C#N)nc21
Cathepsin B	30000.1	'>'	Homo sapiens	N#Cc1nc(NCc2ccc(F)cc2)c2ncn(Cc3ccccc3)c2n1
Cathepsin B	30000.1	'>'	Homo sapiens	N#Cc1nc(NCc2ccccc2)c2ncn(CCCO)c2n1
Cathepsin B	30000.1	'>'	Homo sapiens	N#Cc1nc(NCCc2ccccc2)c2ncn(Cc3ccccc3)c2n1
Cathepsin B	30000.1	'>'	Homo sapiens	N#Cc1nc(NCc2ccc(Cl)cc2)c2ncn(Cc3ccccc3)c2n1
Cathepsin B	1700.0	'='	Homo sapiens	Nc1cc(OC(=O)c2cccs2)nn1S(=O)(=O)c1ccccc1
Cathepsin B	700.0	'='	Homo sapiens	Nc1cc(OC(=O)c2cccs2)nn1S(=O)(=O)c1ccccc1
Cathepsin B	9800.0	'='	Homo sapiens	CCCC[C@H](NC(=O)O[C@H](Cc1nnc(-c2ccc(F)cc2)o1)C(C)(C)C)C(=O)C(=O)N[C@H](C)c1ccccc1
Cathepsin B	10000.1	'>'	Homo sapiens	NC(=S)N/N=C1\CCSc2ccc(Br)cc21
Cathepsin B	870000.0	'='	Homo sapiens	CCCC[C@H](NC(=O)O[C@H](Cn1ccc(-c2ccc(C(F)(F)F)cc2)n1)C(C)(C)C)C(=O)C(=O)NCc1ccno1
Cathepsin B	50000.1	'>'	Homo sapiens	COC(=O)c1ccc(-c2cccc(CNc3nc(C#N)nc4c3ncn4CCCO)c2)cc1
Cathepsin B	10000.1	'>'	Homo sapiens	NC(=S)N/N=C1\CCN([N+](=O)[O-])c2ccccc21
Cathepsin B	1400.0	'='	Homo sapiens	CCCC[C@H](NC(=O)O[C@@H]1C(=O)NCC1(C)C)C(=O)C(=O)N[C@H](C)c1ccccc1
Cathepsin B	13000.1	'>'	Homo sapiens	CCCC[C@H](NC(=O)OC1CC2CCC1C2)C(=O)C(=O)N[C@H](C)c1ccccc1
Cathepsin B	88.0	'='	Homo sapiens	CC(C)[C@H](NC(=O)[C@H](C)NC(=O)[C@H](Cc1ccccc1)NC(=O)c1ccccc1)C(=O)C(=O)NCC(=O)N1CCOCC1
Cathepsin B	10000.1	'>'	Homo sapiens	NC(=S)N/N=C1\CCS(=O)(=O)c2ccc(F)cc21
Cathepsin B	274.0	'='	Homo sapiens	CC(C)[C@H](NC(=O)[C@H](C)NC(=O)[C@@H](NC(=O)C1CC[N+](C)(C)CC1)C(C)(C)C)C(=O)C(=O)NCc1ccccc1.O=C[O-]
Cathepsin B	100000.1	'>'	Homo sapiens	COc1cccc(/C=C/C(=O)NC[C@@H](Cc2ccccc2)NS(=O)(=O)c2ccc(Br)cc2)c1
Cathepsin B	11.9	'='	Homo sapiens	Cc1ccc(C[C@H](NC(=O)C(c2ccccc2)c2ccccc2)C(=O)NCC#N)cc1C
Cathepsin B	10000.1	'>'	Homo sapiens	CC(=O)N1CC/C(=N\NC(N)=S)c2ccccc21
Cathepsin B	150000.0	'='	Homo sapiens	
Cathepsin B	2500.1	'>'	Homo sapiens	CC(C)[C@H](NC(=O)[C@H](C)NC(=O)[C@H](Cc1ccccc1)NC(=O)c1ccccc1)C(=O)C(=O)NCC(=O)N1CC[N+](C)(C)CC1.O=C[O-]
Cathepsin B	10000.1	'>'	Homo sapiens	N=C(N)N/N=C1\CCSc2ccc([N+](=O)[O-])cc21
Cathepsin B	13000.1	'>'	Homo sapiens	CCCC[C@H](NC(=O)O[C@@H]1C[C@H](C)C[C@H](C)C1)C(=O)C(=O)N[C@H](C)c1ccccc1
Cathepsin B	9.4	'='	Homo sapiens	CC(=O)N[C@@H](CC(C)C)C(=O)N[C@@H](CC(C)C)C(=O)N[C@H](C=O)CCCNC(=N)N
Cathepsin B	410.0	'='	Homo sapiens	CC[C@@H](C)[C@H](/N=C(\S)NCc1ccccc1)C(=O)N[C@@H](C=O)Cc1c[nH]c2ccccc12
Cathepsin B	10000.0	'='	Homo sapiens	N#CN1CC[C@@H](NS(=O)(=O)c2ccccc2)C1
Cathepsin B	10000.1	'>'	Homo sapiens	Cn1cnc2c(C#N)nc(-c3ccc(OCCC4CCN(S(C)(=O)=O)CC4)c(C(F)(F)F)c3)cc21
Cathepsin B	4300.0	'='	Homo sapiens	CC(C)C[C@@H](O)C(=O)N1CC2(CC2)C[C@H]1C(=O)N[C@@H](C[C@@H]1CCNC1=O)C(=O)COC(F)(F)F
Cathepsin B	10000.1	'>'	Homo sapiens	CC(C)CC(C(=O)NCC#N)c1cccc(-c2ccccn2)c1
Cathepsin B	130.0	'='	Homo sapiens	N#CCNC(=O)[C@H](Cc1cccc(Cl)c1)NC(=O)C(c1ccccc1)c1ccccc1
Cathepsin B	10000.1	'>'	Homo sapiens	CC(C)CC(C(=O)NCC#N)c1csc(-c2ccccc2)n1
Cathepsin B	92.6	'='	Homo sapiens	C[C@@H](OCc1ccccc1)[C@@H](C#N)NC(=O)[C@H](Cc1cccc(Br)c1)NC(=O)c1ccc(-c2ccccc2)cc1
Cathepsin B	460.0	'='	Homo sapiens	CCCC[C@@H](C=O)NC(=O)O[C@@H](C)Cc1ccccc1
Cathepsin B	308.0	'='	Homo sapiens	Cc1cccc(C[C@H](NC(=O)c2ccc(Cl)cc2)C(=O)NCC#N)c1
Cathepsin B	10000.1	'>'	Homo sapiens	NC(=S)N/N=C(/c1cc(Br)cc(C(=O)c2ccccc2F)c1)c1ccccc1F
Cathepsin B	30.0	'='	Homo sapiens	CC(C)[C@H](NS(=O)(=O)c1cccc2ccccc12)C(=O)N[C@@H](C=O)Cc1c[nH]c2ccccc12
Cathepsin B	591.0	'='	Homo sapiens	Cc1cccc(C[C@H](NC(=O)c2ccc(F)cc2F)C(=O)NCC#N)c1
Cathepsin B	3433.0	'='	Homo sapiens	CN1CCN(c2ccc(-c3cccc(C(CC4CC4)C(=O)NCC#N)c3)cc2)CC1
Cathepsin B	10000.1	'>'	Homo sapiens	CCCc1cc(-c2cccc(OC(F)(F)F)c2)nc(C#N)n1
Cathepsin B	10000.1	'>'	Homo sapiens	CCCc1cc(-c2cccc(C3CCC3)c2)nc(C#N)n1
Cathepsin B	64800.0	'='	Homo sapiens	CC1=C(C#N)C(=O)NC(=O)/C1=C\c1ccc(-c2ccc(S(N)(=O)=O)cc2)o1
Cathepsin B	310.0	'='	Homo sapiens	C[C@@H](CC1CCCCC1)OC(=O)C1CCCN1C#N
Cathepsin B	2.4	'='	Homo sapiens	C[C@@H](CC1CCCCC1)OC(=O)C1CCN1C#N
Cathepsin B	10000.1	'>'	Homo sapiens	CSc1ccc2c(c1)/C(=N/NC(N)=S)CCS2
Cathepsin B	10000.1	'>'	Homo sapiens	CC(=O)Nc1ccc2c(c1)/C(=N/NC(N)=S)CCS2
Cathepsin B	10000.1	'>'	Homo sapiens	NC(=S)N/N=C1\CCS(=O)(=O)c2ccc([N+](=O)[O-])cc21
Cathepsin B	52300.0	'='	Homo sapiens	O=C1NC(=S)N/C1=C\c1ccc(O)cc1O
Cathepsin B	3353.0	'='	Homo sapiens	CC(C)C[C@H](NC(c1ccc(Br)cc1)C(F)(F)F)C(=O)NCC#N
Cathepsin B	310.0	'='	Homo sapiens	CC[C@@H](C)[C@H](/N=C(\S)Nc1cccc2ccccc12)C(=O)N[C@@H](C=O)Cc1c[nH]c2ccccc12
Cathepsin B	31000.0	'='	Homo sapiens	CCCC[C@H](NC(=O)O[C@H](Cc1nnc(-c2ccccc2)o1)C(C)C)C(=O)C(=O)N[C@H](C)c1ccccc1
Cathepsin B	100000.1	'>'	Homo sapiens	CCN(C#N)CC
Cathepsin B	12000.0	'='	Homo sapiens	CCCC[C@H](NC(=O)O[C@H](Cc1nnc(-c2ccccc2)o1)C(C)(C)C)C(=O)C(=O)N[C@H](C)c1ccccc1
Cathepsin B	5000.1	'>'	Homo sapiens	CC(=O)Nc1cccc(Nc2nc(Nc3ccc(-c4ccsc4)cn3)ncc2Cl)c1
Cathepsin B	2000.0	'='	Homo sapiens	COc1cccc2[nH]c(C(=O)N[C@@H](CC(C)C)C(=O)N[C@H](C=O)C[C@@H]3CCNC3=O)cc12
Cathepsin B	27000.0	'='	Homo sapiens	CCCC[C@H](NC(=O)O[C@H](Cn1cnc(-c2ccc(C(F)(F)F)cc2)c1)C(C)(C)C)C(=O)C(=O)Nc1ccn[nH]1
Cathepsin B	220.0	'='	Homo sapiens	CC[C@@H](C)[C@H](NC(=O)Nc1ccccc1C(F)(F)F)C(=O)N[C@@H](C=O)Cc1c[nH]c2ccccc12
Cathepsin B	9.01	'='	Homo sapiens	C[C@@H](OCc1ccccc1)[C@@H](C#N)NC(=O)[C@H](Cc1cccc(Cl)c1)NC(=O)c1cccc(-c2cccnc2)c1
Cathepsin B	123.0	'='	Homo sapiens	CC(C)C[C@H](Nc1cscc1-c1ccc(N2CCNCC2)cc1)C(=O)NCC#N
Cathepsin B	10000.1	'>'	Homo sapiens	COc1cccc2c1CCC/C2=N\NC(N)=S
Cathepsin B	10000.1	'>'	Homo sapiens	CCCc1cc(-c2cccc(C3CC3)c2)nc(C#N)n1
Cathepsin B	10000.1	'>'	Homo sapiens	CCCc1cc(-c2ccccc2)nc(C#N)n1
Cathepsin B	1104.0	'='	Homo sapiens	N#CC1(NC(=O)[C@H](Cc2c[nH]c3ccc(O)cc23)NC(=O)c2ccc(-c3ccccc3)cc2)CC1
Cathepsin B	138.0	'='	Homo sapiens	Cc1cccc(C[C@H](NC(=O)C(c2ccccc2)c2ccccc2)C(=O)N[C@H](C#N)CCOc2cccc(C(=O)O)c2)c1
Cathepsin B	3343.0	'='	Homo sapiens	CC(C)CC(C(=O)NCC#N)c1cccc(-c2ccc(N3CCN(CCO)CC3)cc2)c1
Cathepsin B	250.0	'='	Homo sapiens	N#CN1CC(CNC(=O)c2ccccc2)C1
Cathepsin B	2300.0	'='	Homo sapiens	N#CN1Cc2cc3ccccc3nc2C1
Cathepsin B	10000.1	'>'	Homo sapiens	COc1ccc(/C(=N/NC(N)=S)c2cccc(/C(=N/NC(N)=S)c3ccc(O)cc3)c2)cc1
Cathepsin B	32100.0	'='	Homo sapiens	O=C(O)c1cccc(N2N=C(C(F)(F)F)/C(=C/c3ccc(-c4ccc(Br)cc4C(=O)O)o3)C2=O)c1
Cathepsin B	652.0	'='	Homo sapiens	Cc1cncc(C[C@H](NC(=O)C(c2ccccc2)c2ccccc2)C(=O)NCC#N)c1
Cathepsin B	100000.1	'>'	Homo sapiens	N#Cc1ccccc1N1CCN(C[C@@H](O)COC[C@H](Cc2ccccc2)NC(=O)c2ccncc2)CC1
Cathepsin B	3236.0	'='	Homo sapiens	CCC(NC(=O)c1ccc(OCc2ccccn2)c(C(F)(F)F)c1Cl)C(=O)C(=O)Nc1ccn(C)n1
Cathepsin B	9500.0	'='	Homo sapiens	CCC[C@@H](C=O)NC(=O)[C@@H]1CCCN1C(=O)[C@@H](NC(=O)[C@@H](NC(=O)[C@@H](CC(=O)O)NC(=O)[C@H](CC(=O)O)NC(C)=O)[C@@H](C)CC)C(C)C
Cathepsin B	270.0	'='	Homo sapiens	CC[C@@H](C)[C@H](NC(=O)Nc1cccc(C)c1)C(=O)N[C@@H](C=O)Cc1c[nH]c2ccccc12
Cathepsin B	544.0	'='	Homo sapiens	CC(C)[C@H](NC(=O)[C@H](C)NC(=O)[C@H](Cc1ccccc1)NC(=O)c1ccccc1)C(=O)C(=O)NCC(=O)N1CCN(C)CC1
Cathepsin B	540.0	'='	Homo sapiens	CC(C)[C@H](NC(=O)[C@H](C)NC(=O)[C@H](Cc1ccccc1)NC(=O)c1cccc2ccccc12)C(=O)C(=O)NCC(=O)N1CCN(C)CC1
Cathepsin B	10000.1	'>'	Homo sapiens	NC(=S)N/N=C(\c1ccc(C(F)(F)F)cc1)c1cccc(Br)c1
Cathepsin B	1721.0	'='	Homo sapiens	CC(C)C[C@H](NC(=O)c1ccc(-c2ccccc2)cc1)C(=O)NC1(C#N)CC1
Cathepsin B	1584.89	'='	Homo sapiens	N#CN1CC[C@@H](NS(=O)(=O)c2cc(Br)ccc2Br)C1
Cathepsin B	25118.96	'>'	Homo sapiens	COc1ccc(OC)c(S(=O)(=O)N[C@@H]2C[C@@H](C)N(C#N)C2)c1
Cathepsin B	10000.1	'>'	Homo sapiens	NC(=S)N/N=C1\CCSc2c(F)cc(F)cc21
Cathepsin B	10000.1	'>'	Homo sapiens	NC(=S)N/N=C1\CCSc2ccc(OC(F)(F)F)cc21
Cathepsin B	10000.1	'>'	Homo sapiens	NC(=S)N/N=C1\CCSc2ccc3ccccc3c21
Cathepsin B	10000.1	'>'	Homo sapiens	NC(=S)NN=C1CCS(=O)(=O)c2ccc(O)cc21
Cathepsin B	400.0	'='	Homo sapiens	CCCC[C@@H](C=O)NC(=O)O[C@@H](C)CC1CCCCC1
Cathepsin B	300000.1	'>'	Homo sapiens	CC(NC(=O)[C@H](CC(=O)N(C)C)NC(=O)[C@@H](NC(=O)CC(C)(C)C)C(C)(C)C)[PH](=O)C(Oc1ccccc1)Oc1ccccc1
Cathepsin B	1900.0	'='	Homo sapiens	CC(C)C[C@H](NC(=O)OCC(C)(C)Sc1ccccc1)C(=O)N[C@H](C=O)C[C@@H]1CCNC1=O
Cathepsin B	464.0	'='	Homo sapiens	COc1cccc2[nH]c(C(=O)N[C@@H](CC(C)C)C(=O)N[C@@H](C[C@@H]3CCCNC3=O)C(=O)COC(=O)c3c(C(F)(F)F)cccc3C(F)(F)F)cc12
Cathepsin B	5690.0	'='	Homo sapiens	Cc1ccc(/C(=N\NC(N)=S)c2cccc(Br)c2)cc1
Cathepsin B	10000.1	'>'	Homo sapiens	NC(=S)N/N=C(/c1cccc(Br)c1)c1c(F)cccc1F
Cathepsin B	12589.25	'='	Homo sapiens	COc1ccc(OC)c(S(=O)(=O)N[C@@H]2CCN(C#N)C2)c1
Cathepsin B	10000.1	'>'	Homo sapiens	CCCc1cc(-c2ccc(F)c(C(F)(F)F)c2)nc(C#N)n1
Cathepsin B	8507.0	'='	Homo sapiens	N#CC1(NC(=O)[C@H](CS(=O)(=O)c2ccc(Cl)c(Cl)c2)N[C@@H](c2ccccc2)C(F)(F)F)CC1
Cathepsin B	10000.1	'>'	Homo sapiens	NC(=S)N/N=C(/c1ccccc1)c1cccnc1
Cathepsin B	10000.1	'>'	Homo sapiens	NC(=S)N/N=C(\c1cccnc1)c1cccc(Br)c1
Cathepsin B	10000.1	'>'	Homo sapiens	NC(=S)N/N=C(\c1ccc(Br)nc1)c1cccc(Br)c1
Cathepsin B	25118.96	'>'	Homo sapiens	O=CN1CC[C@@H](NS(=O)(=O)c2cccc(Br)c2)C1
Cathepsin B	100000.1	'>'	Homo sapiens	COc1cccc(/C=C/C(=O)NC[C@H](Cc2ccccc2)NS(=O)(=O)c2ccc(C(F)(F)F)cc2)c1
Cathepsin B	10000.1	'>'	Homo sapiens	CC(C)CC(C(=O)NCC#N)c1cccc(-c2ccc(C3CNCCO3)cc2)c1
Cathepsin B	10000.1	'>'	Homo sapiens	CC(C)CC(C(=O)NCC#N)c1cccc(-c2ccc3cc[nH]c3c2)c1
Cathepsin B	500.1	'>'	Homo sapiens	CCCC[C@H](NC(=O)O[C@@H]1C(=O)OCC1(C)C)C(=O)C(=O)N[C@H](C)c1ccccc1
Cathepsin B	10000.1	'>'	Homo sapiens	NC(=S)N/N=C(\c1ccc(Br)cc1)c1cccc(Br)c1
Cathepsin B	1100.0	'='	Homo sapiens	N#CN1CCC(COCc2ccccc2)C1
Cathepsin B	10100.0	'='	Homo sapiens	Cc1ccc(C)n1-c1ccc(CC(=O)O)cc1
Cathepsin B	6309.57	'='	Homo sapiens	Cn1nc(C(C)(C)C)cc1C(=O)N[C@@H](Cc1cccc(Cl)c1)C(=O)NCC#N
Cathepsin B	4500.0	'='	Homo sapiens	Cc1ccc(/C(=N/NC(N)=S)c2cccc(F)c2)cc1
Cathepsin B	10000.1	'>'	Homo sapiens	Cc1noc(C)c1CN1CCC(CCOc2ccc(-c3cc4c(ncn4C)c(C#N)n3)cc2C(F)(F)F)CC1
Cathepsin B	10000.1	'>'	Homo sapiens	Cc1noc(CN2CCC(CCOc3ccc(-c4cc5c(ncn5C)c(C#N)n4)cc3C(F)(F)F)CC2)n1
Cathepsin B	20000.1	'>'	Homo sapiens	CS(=O)(=O)N1CCc2c(c(-c3ccc(Cl)c(C#Cc4ccc(Cl)cc4)c3)nn2CCCN2CCOCC2)C1
Cathepsin B	10000.1	'>'	Homo sapiens	NC(=S)N/N=C(/c1cccc(Br)c1)c1ccccc1F
Cathepsin B	10000.1	'>'	Homo sapiens	NC(=S)N/N=C1\CCN([N+](=O)[O-])c2ccc([N+](=O)[O-])cc21
Cathepsin B	10000.1	'>'	Homo sapiens	NC(=S)N/N=C1\CCNc2ccccc21
Cathepsin B	10000.1	'>'	Homo sapiens	NC(=S)N/N=C1\CCCS(=O)(=O)c2cc(F)c(F)cc21
Cathepsin B	5754.0	'='	Homo sapiens	CCC(NC(=O)c1cccc(C(F)(F)F)c1Cl)C(=O)C(=O)Nc1cc[nH]n1
Cathepsin B	15136.0	'='	Homo sapiens	CC(NC(=O)c1ccc(OCc2ccccn2)c(C(F)(F)F)c1Cl)C(=O)C(=O)Nc1ccn(C)n1
Cathepsin B	120.0	'='	Homo sapiens	CCC(C)[C@H](NS(=O)(=O)c1cccc2ccccc12)C(=O)N[C@H](C=O)C(C)C
Cathepsin B	100000.1	'>'	Homo sapiens	CC[C@H](C(=O)N[C@H]1CCN(CC(=O)NC/C=C/S(C)(=O)=O)C1=O)c1cc(Cl)cc(Cl)c1
Cathepsin B	2500.1	'>'	Homo sapiens	CC(C)[C@H](NC(=O)[C@H](C)NC(=O)[C@@H](NC(=O)c1ccccc1)C12CC3CC(CC(C3)C1)C2)C(=O)C(=O)NCC(=O)N1CCN(C)CC1
Cathepsin B	2500.1	'>'	Homo sapiens	CC(C)[C@H](NC(=O)[C@H](C)NC(=O)[C@@H](NC(=O)c1ccnc2ccccc12)C(C)(C)C)C(=O)C(=O)NCC(=O)N1CCN(C(C)C)CC1
Cathepsin B	13000.1	'>'	Homo sapiens	CCCC[C@H](NC(=O)OC1C[C@H](C)C[C@@H](C)C1)C(=O)C(=O)N[C@H](C)c1ccccc1
Cathepsin B	5011.87	'='	Homo sapiens	N#CC1(NC(=O)[C@@H]2CCCC[C@H]2C(=O)N2CCN(c3nc(C4CC4)cs3)CC2)CC1
Cathepsin B	2511.89	'='	Homo sapiens	CC1(C)COCc2sc(N3CCN(C(=O)[C@@H]4CCCC[C@H]4C(=O)NC4(C#N)CC4)CC3)nc21
Cathepsin B	13000.0	'='	Homo sapiens	N#Cc1nc(NCc2cccc(-c3ccc4cc[nH]c4c3)c2)c2ncn(CCCO)c2n1
Cathepsin B	2511.89	'='	Homo sapiens	N#CC1(NC(=O)[C@@H]2CCCC[C@H]2C(=O)N2CCN(c3nccs3)CC2)CC1
Cathepsin B	5011.87	'='	Homo sapiens	Cc1sc(N2CCN(C(=O)[C@@H]3CCCC[C@H]3C(=O)NC3(C#N)CC3)CC2)nc1C(F)(F)F
Cathepsin B	10000.1	'>'	Homo sapiens	CC(C)(C)[Si](C)(C)Oc1cc(Br)cc(/C(=N\NC(N)=S)c2cccc(Br)c2)c1
Cathepsin B	10000.1	'>'	Homo sapiens	NC(=S)N/N=C(/c1cccc(Br)c1)c1cc(Br)cs1
Cathepsin B	19000.0	'='	Homo sapiens	N#Cc1nc(NC[C@@H](O)c2ccccc2)nc(N2CCOCC2)n1
Cathepsin B	4200.0	'='	Homo sapiens	N#Cc1nc(CCCN2CCCCC2)cc(-c2cccc(C(F)(F)F)c2)n1
Cathepsin B	10000.1	'>'	Homo sapiens	NC(=S)N/N=C(\c1cccc(F)c1)c1cccc(Br)c1
Cathepsin B	10000.1	'>'	Homo sapiens	NC(=S)N/N=C(\c1cc(Cl)cc(Cl)c1)c1cccc(Br)c1
Cathepsin B	10000.1	'>'	Homo sapiens	CCCc1cc(-c2cccc(C(C)C)c2)nc(C#N)n1
Cathepsin B	2500.1	'>'	Homo sapiens	CC(C)[C@H](NC(=O)[C@H](C)NC(=O)[C@H](Cc1ccccc1)NC(=O)c1ccccc1)C(=O)C(=O)N[C@@H](C)C(=O)N1CCN(C)CC1
Cathepsin B	30000.1	'>'	Homo sapiens	N#Cc1nc(NCc2ccccc2)c2ncn(CC3CCCCO3)c2n1
Cathepsin B	30000.1	'>'	Homo sapiens	Cc1ccc(CNc2nc(C#N)nc3c2ncn3Cc2ccccc2)cc1
Cathepsin B	30000.1	'>'	Homo sapiens	CCCCn1cnc2c(NCc3ccc(OC)cc3)nc(C#N)nc21
Cathepsin B	30000.1	'>'	Homo sapiens	Cc1cccc(CNc2nc(C#N)nc3c2ncn3Cc2ccccc2)c1
Cathepsin B	7280.0	'='	Homo sapiens	N#CC1(NC(=O)[C@H](CS(=O)(=O)c2ccc(F)cc2)N[C@@H](c2ccc(F)cc2)C(F)(F)F)CC1
Cathepsin B	30000.1	'>'	Homo sapiens	Cc1cccc(CNc2nc(C#N)nc3c2ncn3C2CCCC2)c1
Cathepsin B	30000.1	'>'	Homo sapiens	CC(Nc1nc(C#N)nc2c1ncn2C1CCCC1)c1ccccc1
Cathepsin B	30000.1	'>'	Homo sapiens	CCCCCCNc1nc(C#N)nc2c1ncn2Cc1ccccc1
Cathepsin B	30000.1	'>'	Homo sapiens	N#Cc1nc(NCc2ccc(Cl)cc2)c2ncn(Cc3cccc(C(F)(F)F)c3)c2n1
Cathepsin B	1844.0	'='	Homo sapiens	N#CC1(NC(=O)[C@H](CS(=O)(=O)Cc2cccc(F)c2F)N[C@@H](c2ccccc2)C(F)(F)F)CC1
Cathepsin B	7740.0	'='	Homo sapiens	CC(C)C[C@H](N[C@@H](c1ccc(-c2ccc(S(C)(=O)=O)cc2)cc1)C(F)(F)F)C(=O)NC1(C#N)CC1
Cathepsin B	10000.1	'>'	Homo sapiens	NC(=S)N/N=C(\c1cccc(O)c1)c1cc(Br)cc(C(=O)c2cccc(O)c2)c1
Cathepsin B	10000.1	'>'	Homo sapiens	NC(=S)N/N=C1\CCSc2ccc(F)cc21
Cathepsin B	10000.1	'>'	Homo sapiens	CCc1ccc2c(c1)/C(=N/NC(N)=S)CCS2
Cathepsin B	10000.1	'>'	Homo sapiens	NC(=S)N/N=C1\CCSc2ccc(C(F)(F)F)cc21
Cathepsin B	10000.1	'>'	Homo sapiens	NC(=S)N/N=C1\CCSc2ccc(O)cc21
Cathepsin B	10000.1	'>'	Homo sapiens	NC(=S)N/N=C1\CCS(=O)(=O)c2cc(F)c(F)cc21
Cathepsin B	10000.1	'>'	Homo sapiens	NC(=S)N/N=C1\CCS(=O)(=O)c2c(F)cc(F)cc21
Cathepsin B	10000.1	'>'	Homo sapiens	NC(=S)N/N=C1\CCS(=O)(=O)c2c(Br)cc(F)cc21
Cathepsin B	10000.1	'>'	Homo sapiens	NC(=S)N/N=C1\CCS(=O)(=O)c2ccc(C(F)(F)F)cc21
Cathepsin B	3162.28	'='	Homo sapiens	CCc1csc(N2CCN(C(=O)[C@@H]3CCCC[C@H]3C(=O)NC3(C#N)CC3)CC2)n1
Cathepsin B	3162.28	'='	Homo sapiens	CC(C)(C)c1csc(N2CCN(C(=O)[C@@H]3CCCC[C@H]3C(=O)NC3(C#N)CC3)CC2)n1
Cathepsin B	10000.1	'>'	Homo sapiens	NC(=S)N/N=C1\CCSc2c(OC(F)(F)F)cccc21
Cathepsin B	10000.1	'>'	Homo sapiens	NC(=S)N/N=C(\c1cc(Br)cc(C(=O)c2ccccc2F)c1)c1ccccc1F
Cathepsin B	721.0	'='	Homo sapiens	CC(C)[C@H](NC(=O)[C@H](C)NC(=O)[C@@H](NC(=O)c1cccc2ccccc12)C(C)(C)C)C(=O)C(=O)NC1CCCCC1
Cathepsin B	70.0	'='	Homo sapiens	CCOC(=O)/C=C/C(=O)[C@H](C)NC(=O)[C@H](CC(C)C)NC(=O)OCc1ccccc1
Cathepsin B	10000.1	'>'	Homo sapiens	NC(=S)NN=C1c2cc(Br)ccc2-c2ccc(Br)cc21
Cathepsin B	100000.1	'>'	Homo sapiens	CC(C)C[C@H](N[C@@H](c1ccc(-c2ccc(S(C)(=O)=O)cc2)cc1)C(F)(F)F)C(=O)N[C@@H](Cc1ccccc1)C(N)=O
Cathepsin B	4400.0	'='	Homo sapiens	CC(C)C[C@@H](C(=O)NCC#N)c1cccc(-c2ccc(N3CCNCC3)cc2)c1
Cathepsin B	3810.0	'='	Homo sapiens	COc1cc(/C=C/C=C/C(=O)c2ccc(O)cc2)ccc1O
Cathepsin B	63100.0	'='	Homo sapiens	CSc1ccc(/C=C2\N=CN(NS(=O)(=O)c3ccc(Cl)c(C(=O)O)c3)C2=O)cc1
Cathepsin B	59400.0	'='	Homo sapiens	O=C(O)c1cc(Cl)ccc1-c1ccc(/C=c2\sc3nc(=O)c4c5c(sc4n3c2=O)CCCC5)o1
Cathepsin B	9724.0	'='	Homo sapiens	C[S+]([O-])C[C@H](N[C@@H](c1ccc(F)cc1)C(F)(F)F)C(=O)NC1(C#N)CC1
Cathepsin B	417.0	'='	Homo sapiens	CSC[C@H](N[C@@H](c1ccc(Br)cc1)C(F)(F)F)C(=O)NC1(C#N)CC1
Cathepsin B	30000.1	'>'	Homo sapiens	CCCCCCNc1nc(C#N)nc2c1ncn2C1CCCC1
Cathepsin B	10000.1	'>'	Homo sapiens	NC(=S)N/N=C(/c1cccc(Br)c1)c1cccc(Br)c1F
Cathepsin B	10000.1	'>'	Homo sapiens	Cc1ccc(/C(=N\NC(N)=S)c2ccc(Br)cc2)cc1
Cathepsin B	10000.1	'>'	Homo sapiens	NC(=S)N/N=C(\c1ccc(F)cc1)c1ccccc1F
Cathepsin B	2500.1	'>'	Homo sapiens	CC(C)[C@H](NC(=O)[C@H](C)NC(=O)[C@@H](NC(=O)c1ccccc1)C(C)(C)C)C(=O)C(=O)NCC(=O)N1CCN(C)CC1
Cathepsin B	532.0	'='	Homo sapiens	CC(C)[C@H](NC(=O)[C@H](C)NC(=O)[C@@H](NC(=O)c1cccc2ccccc12)C(C)(C)C)C(=O)C(=O)NCc1ccc(S(N)(=O)=O)cc1
Cathepsin B	17.0	'='	Homo sapiens	CCCC[C@H](NC(=O)[C@H](C)NC(=O)[C@H](Cc1ccccc1)NC(=O)c1ccccc1)C(=O)C(=O)NC1CCCCC1
Cathepsin B	8.0	'='	Homo sapiens	CC(C)CO[C@H]1CCN2C[C@H]1OC2=O
Cathepsin B	100000.1	'>'	Homo sapiens	Cc1cccc(OCC2CN(C)C(=O)O2)c1C
Cathepsin B	1750.0	'='	Homo sapiens	CC(=O)c1c(Nc2ccc(Br)cc2Br)[nH]c2c(Cl)ccc(C)c2c1=O
Cathepsin B	10000000.1	'>'	Homo sapiens	CC[C@@H]1C[C@]1(NC(=O)[C@@H]1C[C@@H]2CN1C(=O)[C@H](C(C)(C)C)NC(=O)OCC(C)(C)CCCCc1cccc3c1CN(C3)C(=O)O2)C(=O)NS(=O)(=O)C1CC1
Cathepsin B	50000.1	'>'	Homo sapiens	N#Cc1nc(NCc2cccc(-c3cccc(Cl)c3)c2)c2ncn(CCCO)c2n1
Cathepsin B	32000.0	'='	Homo sapiens	N#Cc1nc(NC[C@H](O)c2ccccc2)nc(N2CCOCC2)n1
Cathepsin B	900.0	'='	Homo sapiens	CC(C)C[C@H](NC(=O)OCC(C)(C)Oc1cccc(Cl)c1)C(=O)N[C@H](C=O)C[C@@H]1CCNC1=O
Cathepsin B	10000.1	'>'	Homo sapiens	COc1ccc(/C(=N/NC(N)=S)c2cccc(/C(=N/NC(N)=S)c3ccc(O)cc3)c2)cc1
Cathepsin B	4.16	'='	Homo sapiens	COC1=CC(=O)N(C(=O)/C=C/[C@H](C)NC(=O)[C@H](CC(C)C)NC(=O)[C@H](CC(C)C)NC(=O)C2CCN(C)CC2)[C@H]1Cc1c[nH]c2ccccc12
Cathepsin B	3981.07	'='	Homo sapiens	N#CC1(NC(=O)[C@@H]2CCCC[C@H]2C(=O)N2CCN(c3nc4ncccc4s3)CC2)CC1
Cathepsin B	100000.1	'>'	Homo sapiens	COc1ccc(/C=C/C(=O)NC[C@H](Cc2ccccc2)NS(=O)(=O)c2ccc(C(F)(F)F)cc2)cc1OC
Cathepsin B	100000.1	'>'	Homo sapiens	COc1cccc(/C=C/C(=O)NC[C@H](Cc2ccccc2)NS(=O)(=O)c2ccc(Br)cc2)c1
Cathepsin B	1400.0	'='	Homo sapiens	CCC(C)[C@H](NS(=O)(=O)c1cccc2ccccc12)C(=O)N[C@H](C=O)Cc1ccccc1
Cathepsin B	2512.0	'='	Homo sapiens	CC(C)(NCCCc1cc(-c2cccc(C(F)(F)F)c2)nc(C#N)n1)C(N)=O
Cathepsin B	57.0	'='	Homo sapiens	N#Cc1ccc(Nc2nc(C#N)nc(N3CCNCC3)n2)cc1
Cathepsin B	10000.1	'>'	Homo sapiens	CCCc1cc(-c2ccc(OC(C)C)c(C(F)(F)F)c2)nc(C#N)n1
Cathepsin B	42.0	'='	Homo sapiens	Cc1cccc(C[C@H](NC(=O)c2ccc(F)cc2F)C(=O)N[C@H](C#N)COCc2ccccc2)c1
Cathepsin B	19000.0	'='	Homo sapiens	CC(NC(=O)[C@H](CC(=O)N(C)C)NC(=O)[C@@H](NC(=O)CC(C)(C)C)C(C)(C)C)C(=O)c1nc2ccccc2s1
Cathepsin B	10000.1	'>'	Homo sapiens	CCNC(=S)NN=C(c1cccc(Br)c1)c1cccc(Br)c1
Cathepsin B	9000.0	'='	Homo sapiens	N#CC1(NC(=O)[C@@H]2Cc3ccc(c(Cl)c3)OCCCCOc3cc(C(F)(F)F)ccc3C(=O)N2)CC1
Cathepsin B	10000.1	'>'	Homo sapiens	COc1ccc(/C(=N/NC(N)=S)c2cccc(C(=O)c3ccc(O)cc3)c2)cc1
Cathepsin B	3400.0	'='	Homo sapiens	CCCC[C@@H](C=O)NC(=O)OC1(Cc2ccccc2)CCC1
Cathepsin B	10000.0	'='	Homo sapiens	CCCC[C@H](NC(=O)O[C@H](Cn1cc(-c2ccc(C(F)(F)F)cc2)cn1)C(C)(C)C)C(=O)C(=O)Nc1ccn[nH]1
Cathepsin B	59000.0	'='	Homo sapiens	CC(NC(=O)[C@H](CC(=O)N(C)C)NC(=O)[C@@H](NC(=O)CC(C)(C)C)C(C)(C)C)C(=O)c1nc2ncccc2o1
Cathepsin B	10000.1	'>'	Homo sapiens	CC(C)CC(C(=O)NCC#N)c1ccc(-c2ccccc2)cc1
Cathepsin B	300000.1	'>'	Homo sapiens	CC(NC(=O)[C@H](CC(=O)N(C)C)NC(=O)[C@@H](NC(=O)CC(C)(C)C)C(C)(C)C)C(=O)c1nc2ccccc2o1
Cathepsin B	10000.1	'>'	Homo sapiens	NC(=S)N/N=C1\CCSc2c(Br)cc(F)cc21
Cathepsin B	10000.1	'>'	Homo sapiens	NC(=S)NN=C1CCSc2ccc(N)cc21
Cathepsin B	3981.07	'='	Homo sapiens	N#CC1(NC(=O)[C@@H]2CCCC[C@H]2C(=O)N2CCN(c3nc(-c4ccccc4)cs3)CC2)CC1
Cathepsin B	7943.28	'='	Homo sapiens	CS(=O)(=O)c1ccc2nc(N3CCN(C(=O)[C@@H]4CCCC[C@H]4C(=O)NC4(C#N)CC4)CC3)sc2c1
Cathepsin B	3162.28	'='	Homo sapiens	N#CC1(NC(=O)[C@@H]2CCCC[C@H]2C(=O)N2CCN(c3nc4cnccc4s3)CC2)CC1
Cathepsin B	10000.1	'>'	Homo sapiens	COc1ccc(/C(=N/NC(N)=S)c2cccc(C(=O)c3ccc(O)cc3)c2)cc1
Cathepsin B	10000.1	'>'	Homo sapiens	CC(C)CC(C(=O)NCC#N)c1cccc(-c2ccc3[nH]ccc3c2)c1
Cathepsin B	10000.1	'>'	Homo sapiens	NC(=S)N/N=C(/c1ccccc1)c1cccc(C(O)c2ccccc2)c1
Cathepsin B	121.0	'='	Homo sapiens	N#CCNC(=O)[C@H](Cc1cccc(I)c1)NC(=O)C(c1ccccc1)c1ccccc1
Cathepsin B	10000.1	'>'	Homo sapiens	NC(=S)N/N=C1\CCNc2c1cc([N+](=O)[O-])cc2[N+](=O)[O-]
Cathepsin B	5.0	'='	Homo sapiens	CC(C)C[C@H](NC(=O)[C@H]1O[C@@H]1C(=O)O)C(=O)NCCCCN=C(N)N
Cathepsin B	10000.1	'>'	Homo sapiens	CC(C)(C)[Si](C)(C)Oc1ccc(/C(=N\NC(N)=S)c2cccc(Br)c2)cc1Br
Cathepsin B	4260.0	'='	Homo sapiens	CC(C)CC(=O)N[C@H](C(=O)N[C@H](C(=O)N[C@@H](CC(C)C)[C@@H](O)CC(=O)N[C@@H](C)C(=O)N[C@@H](CC(C)C)[C@@H](O)CC(=O)O)C(C)C)C(C)C
Cathepsin B	81000.0	'='	Homo sapiens	CN(C)CCOc1ccc(C(=O)NCc2ccnc(C#N)n2)cc1C(=O)C(C)(C)c1cc(Cl)cc(Cl)c1
Cathepsin B	10000.1	'>'	Homo sapiens	NC(=S)N/N=C(\c1cccc(Br)c1)c1cc(Br)cc(C(=O)c2cccc(Br)c2)c1
Cathepsin B	3981.07	'='	Homo sapiens	N#Cc1cnc(N2CCN(C(=O)[C@@H]3CCCC[C@H]3C(=O)NC3(C#N)CC3)CC2)s1
Cathepsin B	10000.1	'>'	Homo sapiens	CCCc1cc(-c2ccc(OC(F)(F)F)c(C(F)(F)F)c2)nc(C#N)n1
Cathepsin B	10000.1	'>'	Homo sapiens	CC(NC(=O)c1ccc(OCc2ccccn2)c(C(F)(F)F)c1Cl)C(=O)C(=O)N(C)C
Cathepsin B	10000.1	'>'	Homo sapiens	NC(=S)N/N=C(/c1cccc(Br)c1)c1sccc1Br
Cathepsin B	3162.28	'='	Homo sapiens	N#CC1(NC(=O)[C@@H]2CCCC[C@H]2C(=O)N2CCN(c3nc4c(s3)COCC4)CC2)CC1
Cathepsin B	10000.1	'>'	Homo sapiens	NC(=S)N/N=C(/c1ccccc1)c1cccc(O)c1
Cathepsin B	10000.1	'>'	Homo sapiens	NC(=S)N/N=C(/c1cccc(Br)c1)c1ccc2c(c1)CCCC2
Cathepsin B	280.0	'='	Homo sapiens	CS(=O)(=O)C[C@H](N[C@@H](c1ccc(Br)cc1)C(F)(F)F)C(=O)NC1(C#N)CC1
Cathepsin B	50000.1	'>'	Homo sapiens	N#C[C@@]1(NC(=O)[C@@H](N)Cc2cccs2)C[C@@H]1c1ccccc1.O=C(O)C(F)(F)F
Cathepsin B	65.0	'='	Homo sapiens	CCC[C@H](NC(=O)C(CC(C)C)NC(=O)c1ccc(-c2ccc(I)cc2)cc1)C(=O)C=[N+]=[N-]
Cathepsin B	30000.1	'>'	Homo sapiens	N#Cc1nc(NCc2ccccc2)c2ncn(Cc3ccccc3)c2n1
Cathepsin B	30000.1	'>'	Homo sapiens	CCC(C)CNc1nc(C#N)nc2c1ncn2Cc1ccccc1
Cathepsin B	30000.1	'>'	Homo sapiens	COC(CCn1cnc2c(NCc3ccc(Cl)c(Cl)c3)nc(C#N)nc21)OC
Cathepsin B	30000.1	'>'	Homo sapiens	N#Cc1nc(NCc2ccc(Br)cc2)c2ncn(CCCc3ccccc3)c2n1
Cathepsin B	30000.1	'>'	Homo sapiens	COc1ccc(Cn2cnc3c(NCc4ccc(Cl)cc4)nc(C#N)nc32)cc1
Cathepsin B	1040.0	'='	Homo sapiens	N#Cc1nc(NCc2ccc(Cl)cc2)c2ncn(CCCO)c2n1
Cathepsin B	30000.1	'>'	Homo sapiens	N#Cc1nc(NCc2ccc(Cl)cc2)c2ncn(Cc3cccnc3)c2n1
Cathepsin B	30000.1	'>'	Homo sapiens	CCCCn1cnc2c(NCc3ccc(F)cc3)nc(C#N)nc21
Cathepsin B	10000.1	'>'	Homo sapiens	CC(C)CC(C(=O)NCC#N)c1cccc(-c2ccc(N3CCN(C(=O)OC(C)(C)C)CC3)cc2)c1
Cathepsin B	2777.0	'='	Homo sapiens	N#CC1(NC(=O)[C@H](CS(=O)(=O)Cc2ccc(F)cc2)N[C@@H](c2ccccc2)C(F)(F)F)CC1
Cathepsin B	1104.0	'='	Homo sapiens	CS(=O)(=O)C[C@H](N[C@@H](c1ccc(F)cc1)C(F)(F)F)C(=O)NC1(C#N)CC1
Cathepsin B	10000.1	'>'	Homo sapiens	N=C(N)N/N=C1\CCS(=O)(=O)c2ccc([N+](=O)[O-])cc21
Cathepsin B	6309.57	'='	Homo sapiens	N#CN1CC[C@@H](NS(=O)(=O)c2cccc(Br)c2)C1
Cathepsin B	50000.0	'='	Homo sapiens	O=C(NCc1cccs1)[C@@H]1CN(C(=O)c2cccnc2)CCN1c1ccc(Cl)c(Cl)c1
Cathepsin B	1130.0	'='	Homo sapiens	CCOC(=O)/C=C/[C@@H](O)[C@H](CCc1ccccc1)NC(=O)[C@H](Cc1ccccc1)NC(=O)N1CCOCC1
Cathepsin B	50000.1	'>'	Homo sapiens	N#CC1(NC(=O)[C@@H](Cc2cccnc2)NC(=O)c2ccc(-c3ccccc3)cc2)CC1
Cathepsin B	4400.0	'='	Homo sapiens	CCC[C@H](NC(=O)[C@@H]1[C@H]2CCC[C@H]2CN1C(=O)[C@@H](NC(=O)[C@@H](NC(=O)c1cnccn1)C1CCCCC1)C(C)(C)C)C(=O)C(=O)NC1CC1
Cathepsin B	53.0	'='	Homo sapiens	CC(C)C(Nc1ccccc1)C(=O)N1CCCCN1C#N
Cathepsin B	10000.1	'>'	Homo sapiens	CCCc1cc(-c2cc(C(F)(F)F)cc(C(F)(F)F)c2)nc(C#N)n1
Cathepsin B	10000.1	'>'	Homo sapiens	CCCc1cc(-c2cc(C(F)(F)F)ccc2Cl)nc(C#N)n1
Cathepsin B	55000.0	'='	Homo sapiens	Cc1ccc(C)n1-c1ccc(C(=O)O)c(O)c1
Cathepsin B	25000.1	'>'	Homo sapiens	NC(=S)N/N=C(/CCc1ccccc1)c1ccccc1
Cathepsin B	3300.0	'='	Homo sapiens	Cc1ccc(/C(=N\NC(N)=S)c2cc(C(F)(F)F)cc(C(F)(F)F)c2)cc1
Cathepsin B	50000.1	'>'	Homo sapiens	N#C[C@@]1(NC(=O)C(N)Cc2sccc2F)C[C@@H]1c1ccccc1.O=C(O)C(F)(F)F
Cathepsin B	10000.1	'>'	Homo sapiens	NC(=S)NN=C(c1ccc(F)cc1)c1ccc(F)cc1
Cathepsin B	5011.87	'='	Homo sapiens	N#CCNC(=O)[C@H](Cc1cccc(Cl)c1)NC(=O)c1ccccc1
Cathepsin B	30000.1	'>'	Homo sapiens	Cc1ccc(C(=O)Nc2ccc(S(=O)(=O)O)c3cc(S(=O)(=O)O)cc(S(=O)(=O)O)c23)cc1NC(=O)c1cccc(NC(=O)Nc2cccc(C(=O)Nc3cc(C(=O)Nc4ccc(S(=O)(=O)O)c5cc(S(=O)(=O)O)cc(S(=O)(=O)O)c45)ccc3C)c2)c1
Cathepsin B	282.0	'='	Homo sapiens	CS(=O)(=O)C[C@H](N[C@@H](c1ccc(Br)cc1)C(F)(F)F)C(=O)NC1(C#N)CC1
Cathepsin B	10000.1	'>'	Homo sapiens	O=c1c2c(O)c(O)c(O)cc2nc(-c2ccccc2)n1-c1ccccc1
Cathepsin B	2854.0	'='	Homo sapiens	COc1cccc2[nH]c(C(=O)N[C@@H](CC(C)C)C(=O)N[C@@H](C[C@@H]3CCCNC3=O)C(=O)COC(=O)C3(C(F)(F)F)CCCCC3)cc12
Cathepsin B	100000.1	'>'	Homo sapiens	COc1ccc(/C=C/C(=O)NC[C@@H](Cc2ccccc2)NS(=O)(=O)c2ccc(Br)cc2)cc1OC
Cathepsin B	900000.1	'>'	Homo sapiens	CCC[C@H](NC(=O)[C@@H]1CCCN1C(=O)[C@@H](NC(=O)[C@@H](NC(=O)[C@@H](CC(=O)O)NC(=O)[C@H](CC(=O)O)NC(C)=O)[C@@H](C)CC)C(C)C)C(=O)C(F)(F)F
Cathepsin B	300.0	'='	Homo sapiens	C[C@H](NC(=O)[C@H](Cc1ccccc1)NC(=O)OCc1ccccc1)C(=O)CF
Cathepsin B	6000.0	'='	Homo sapiens	NC(=S)N/N=C(/CCc1ccccc1)c1cccc(Cl)c1
Cathepsin B	1700.0	'='	Homo sapiens	NC(=S)N/N=C(/C=C/c1ccccc1)c1cccc(C(F)(F)F)c1
Cathepsin B	1300.0	'='	Homo sapiens	COc1cccc2[nH]c(C(=O)N[C@@H](CC(C)C)C(=O)N[C@@H](C[C@@H]3CCNC3=O)C(=O)CO)cc12
Cathepsin B	3950.0	'='	Homo sapiens	CC(C)C[C@@H](C(=O)NCC#N)c1cccc(-c2ccc(N3CCNCC3)cc2)c1
Cathepsin B	10000.1	'>'	Homo sapiens	CCCc1cc(-c2ccc(OCC)c(C(F)(F)F)c2)nc(C#N)n1
Cathepsin B	10000.1	'>'	Homo sapiens	CCCc1cc(-c2cccc(C(F)(F)F)c2)nc(C#N)n1
Cathepsin B	30000.1	'>'	Homo sapiens	N#Cc1nc(NCc2ccc(Cl)cc2)c2ncn(CC3CCCCC3)c2n1
Cathepsin B	30000.1	'>'	Homo sapiens	CCCCn1cnc2c(NCc3cccc(C)c3)nc(C#N)nc21
Cathepsin B	30000.1	'>'	Homo sapiens	CCCCCCNc1nc(C#N)nc2c1ncn2CCCC
Cathepsin B	23600.0	'='	Homo sapiens	N#Cc1nc(NC2CCCCC2)c2ncn(C3CCCCC3)c2n1
Cathepsin B	19050.0	'='	Homo sapiens	CCCn1cnc2c(NC3CCCCC3)nc(C#N)nc21
Cathepsin B	10000.1	'>'	Homo sapiens	NC(=S)N/N=C(\c1ccc(F)cc1)c1cccc(Br)c1
Cathepsin B	10000.1	'>'	Homo sapiens	NC(=S)N/N=C(\c1ccc(F)cc1)c1ccc(Br)cc1
Cathepsin B	7560.0	'='	Homo sapiens	CCCNC(=O)[C@H]1O[C@@H]1C(=O)N[C@H](C(=O)N1CCC[C@H]1C(=O)O)[C@@H](C)CC
Cathepsin B	1050.0	'='	Homo sapiens	CC(C)(F)C[C@H](N[C@@H](c1ccc(-c2ccc(S(C)(=O)=O)cc2)cc1)C(F)(F)F)C(=O)NC1(C#N)CC1
Cathepsin B	50000.1	'>'	Homo sapiens	N#Cc1nc(NCc2cccc(-c3cc4ccccc4n3S(=O)(=O)c3ccccc3)c2)c2ncn(CCCO)c2n1
Cathepsin B	16.0	'='	Homo sapiens	CC(C)C[C@H](NC(=O)[C@H]1O[C@@H]1C(=O)O)C(=O)NCCCCN=C(N)N
Cathepsin B	37140.0	'='	Homo sapiens	Cc1cc(NC(=O)Cn2nnc(-c3ccc(NC(=O)c4ccc(F)cc4)cc3)n2)no1
Cathepsin B	17660.0	'='	Homo sapiens	COc1ccc(C(=O)Nc2ccc3nc(SCC(=O)c4ccccc4)sc3c2)cc1
Cathepsin B	1360.0	'='	Homo sapiens	CC(C)C[C@@H](NC(=O)N1CCOCC1)C(=O)N[C@@H](/C=C/S(=O)(=O)c1ccccc1)CCc1ccccc1
Cathepsin B	58300.0	'='	Homo sapiens	Cc1ccc(C)n1-c1ccc(SCC(=O)O)cc1
Cathepsin B	65.0	'='	Homo sapiens	COC(=O)C[C@H](NS(=O)(=O)c1cccc2ccccc12)C(=O)N[C@@H](C=O)Cc1c[nH]c2ccccc12
Cathepsin B	3950.0	'='	Homo sapiens	CC(C)C[C@@H](C(=O)NCC#N)c1cccc(-c2ccc(N3CCNCC3)cc2)c1
Cathepsin B	20000.1	'>'	Homo sapiens	Cn1c(=O)oc2ccc(-c3ccc(C[C@@H](C#N)NC(=O)[C@@H]4CNCCCO4)cc3)cc21
Cathepsin B	3100.0	'='	Homo sapiens	CC(C)C[C@@H](C=O)NC(=O)[C@@H]1Cc2ccc(cc2)Oc2cc(ccc2[N+](=O)[O-])C[C@H](NC(=O)OCc2ccccc2)C(=O)N[C@@H](CC(C)C)C(=O)N1
Cathepsin B	496.0	'='	Homo sapiens	N#CCNC(=O)[C@H](Cc1ccccc1)NC(=O)C(c1ccccc1)c1ccccc1
Cathepsin B	1900.0	'='	Homo sapiens	N#Cc1nc(Nc2cccc(F)c2)nc(N2CCOCC2)n1
Cathepsin B	11000.0	'='	Homo sapiens	N#Cc1nc(Nc2cccc([N+](=O)[O-])c2)nc(N2CCOCC2)n1
Cathepsin B	2300.0	'='	Homo sapiens	COc1cccc(Nc2nc(C#N)nc(N3CCOCC3)n2)c1
Cathepsin B	5000.0	'='	Homo sapiens	COc1ccc(Nc2nc(C#N)nc(N3CCOCC3)n2)cc1
Cathepsin B	1300.0	'='	Homo sapiens	CCC(C)[C@H](NS(=O)(=O)c1cccc2ccccc12)C(=O)N[C@H](C=O)Cc1ccc(O)cc1
Cathepsin B	100000.1	'>'	Homo sapiens	N#Cc1ccccc1N1CCN(C[C@@H](O)COC[C@@H](Cc2ccccc2)NC(=O)C2CCN(C(=O)OCc3ccccc3)CC2)CC1
Cathepsin B	1.49	'='	Homo sapiens	COC1=CC(=O)N(C(=O)/C=C/[C@H](CCc2ccccc2)NC(=O)[C@H](CC(C)C)NC(=O)[C@H](CC(C)C)NC(=O)[C@H](C(C)C)N(C)C)[C@H]1Cc1c[nH]c2ccccc12
Cathepsin B	201.0	'='	Homo sapiens	COc1cccc2[nH]c(C(=O)N[C@@H](CC(C)C)C(=O)N[C@@H](C[C@@H]3CCCNC3=O)C(=O)COC(=O)c3c(C)cc(C)nc3C)cc12
Cathepsin B	32000.0	'='	Homo sapiens	CCCC[C@@H](/C=N/NC(=O)N1CCOCC1)NC(=O)OC(C)(C)C
Cathepsin B	57.0	'='	Homo sapiens	Cc1cccc(CNc2nc(C#N)nc(N3CCNCC3)n2)c1
Cathepsin B	9.0	'='	Homo sapiens	CC(C)(F)C[C@H](N[C@@H](c1ccc(-c2ccc(S(C)(=O)=O)cc2)cc1)C(F)(F)F)C(=O)N[C@H](C#N)Cc1ccc(C#N)cc1F
Cathepsin B	4800.0	'='	Homo sapiens	CCCN1CCN(c2ccc(C(=O)NC3(C(=O)NCC#N)CCCCC3)cc2)CC1
Cathepsin B	86000.0	'='	Homo sapiens	CC(C)C[C@@H](C(=O)NCC#N)c1cccc(-c2ccc(N3CCNCC3)cc2)c1
Cathepsin B	10000.1	'>'	Homo sapiens	NC(=S)N/N=C(/c1ccc(F)cc1)c1cccc(C(=O)c2ccc(F)cc2)c1
Cathepsin B	10000.1	'>'	Homo sapiens	COc1ccc(C(=O)c2cccc(/C(=N/NC(N)=S)c3ccc(O)cc3)c2)cc1
Cathepsin B	18.0	'='	Homo sapiens	CCCC[C@@H](/C=N/NC(=O)N1CCOCC1)NC(=O)O[C@H](Cc1ccccc1)C(C)C
Cathepsin B	1424.0	'='	Homo sapiens	COc1ccc(/C(=N\NC(N)=S)c2cc(OC)c(OC)c(OC)c2)cc1O
Cathepsin B	10000.1	'>'	Homo sapiens	CCCc1cc(-c2ccccc2C(F)(F)F)nc(C#N)n1
Cathepsin B	10000.1	'>'	Homo sapiens	CCCc1cc(-c2ccc(OC)c(C(F)(F)F)c2)nc(C#N)n1
Cathepsin B	10000.1	'>'	Homo sapiens	Cc1nnc(-c2cccc(C[C@H](NC(=O)c3cc(C(C)(C)C)nn3C)C(=O)NCC#N)c2)s1
Cathepsin B	45000.0	'='	Homo sapiens	CCCC[C@H](NC(=O)O[C@H](Cc1nnc(-c2ccc(C(F)(F)F)cc2)o1)C(C)(C)C)C(=O)C(=O)Nc1ccn[nH]1
Cathepsin B	10000.1	'>'	Homo sapiens	N#CCNC(=O)[C@H](Cc1cccc(-c2cncnc2)c1)NC(=O)c1ccccc1
Cathepsin B	1360.0	'='	Homo sapiens	CC(C)[C@H](NC(=O)OCc1ccccc1)C(=O)NC(C=O)Cc1ccccc1
Cathepsin B	10000.1	'>'	Homo sapiens	CCCc1cc(-c2cccc(C3CCCC3)c2)nc(C#N)n1
Cathepsin B	1050.0	'='	Homo sapiens	CN1CCN(c2nc(-c3ccc(C(=O)NC4(C(=O)NCC#N)CCCCC4)cc3)cs2)CC1
Cathepsin B	17.0	'='	Homo sapiens	CN1CCN(c2nc(-c3ccc(C(=O)NC4(C(=O)NCC#N)CCCCC4)cc3)cs2)CC1
Cathepsin B	5000.1	'>'	Homo sapiens	FC(F)(F)c1cccc(Nc2nc(Nc3cccc(-c4ccsc4)c3)ncc2Cl)c1
Cathepsin B	1.8	'='	Homo sapiens	Cc1cccc(C[C@H](NC(=O)C(c2ccccc2)c2ccccc2)C(=O)N[C@H](C#N)COCc2cccc(C(=O)O)c2)c1
Cathepsin B	300.0	'='	Homo sapiens	CN1CCN(C(=O)N[C@@H](Cc2ccccc2)C(=O)N[C@H](/C=C/S(=O)(=O)c2ccccc2)c2ccc(-c3ccccc3)cc2)CC1
Cathepsin B	10000.1	'>'	Homo sapiens	CC(C)c1ccc2c(c1)/C(=N/NC(N)=S)CCS2
Cathepsin B	81.0	'='	Homo sapiens	CC(C)[C@H](NC(=O)[C@H](C)NC(=O)[C@H](Cc1ccccc1)NC(=O)c1ccccc1)C(=O)C(=O)NCC(=O)N1CCCCC1
Cathepsin B	2500.1	'>'	Homo sapiens	CC(C)[C@H](NC(=O)[C@H](C)NC(=O)[C@H](Cc1ccccc1)NC(=O)c1ccccc1)C(=O)C(=O)NCC(=O)N1CCN(C(C)C)CC1
Cathepsin B	10000.1	'>'	Homo sapiens	Cc1ccc2c(c1)/C(=N/NC(N)=S)CCS2(=O)=O
Cathepsin B	9.9	'<'	Homo sapiens	Cc1cccc(C[C@H](NC(=O)c2ccc(Cl)cc2F)C(=O)N[C@H](C#N)COCc2cccc(C(=O)O)c2)c1
Cathepsin B	62000.0	'='	Homo sapiens	N#CCNC(=O)[C@H](Cc1ccccc1)NC(=O)OCc1ccccc1
Cathepsin B	5000.1	'>'	Homo sapiens	N#CC1(NC(=O)[C@H](Cc2nc3ccccc3s2)NC(=O)c2ccc(-c3ccccc3)cc2)CC1
Cathepsin B	10000.1	'>'	Homo sapiens	NC(=S)N/N=C(/c1ccc(Br)cc1)c1cccc(/C(=N/NC(N)=S)c2ccc(Br)cc2)c1
Cathepsin B	1700.0	'='	Homo sapiens	N#Cc1nc(Nc2cccc([N+](=O)[O-])c2)nc(NC2CCNCC2)n1
Cathepsin B	10000.1	'>'	Homo sapiens	COc1ccc2c(c1)CCC/C2=N\NC(N)=S
Cathepsin B	4504.0	'='	Homo sapiens	CC(C)C[C@@H](NC(=O)N1CCOCC1)C(=O)N[C@@H](/C=C/S(=O)(=O)c1ccccc1)CCc1ccccc1
Cathepsin B	520.0	'='	Homo sapiens	N#Cc1nc(NC2CCCCC2)nc(N2CCNCC2)n1
Cathepsin B	5000.1	'>'	Homo sapiens	Nc1ccc(Nc2nc(Nc3ccc(-c4ccsc4)cn3)ncc2Cl)cc1
Cathepsin B	50000.1	'>'	Homo sapiens	N#C[C@@]1(NC(=O)[C@@H](N)Cc2cccs2)C[C@@H]1c1ccccc1
Cathepsin B	32000.0	'='	Homo sapiens	COc1cccc2[nH]c(C(=O)N[C@@H](CC(C)C)C(=O)N[C@H](C#N)C[C@@H]3CCCNC3=O)cc12
Cathepsin B	378.0	'='	Homo sapiens	CC(C)[C@H](NC(=O)[C@H](C)NC(=O)[C@@H](NC(=O)c1ccccc1)C(C)(C)C)C(=O)C(=O)NC1CCCCC1
Cathepsin B	10000.1	'>'	Homo sapiens	Cc1cccc(C(=O)c2cccc(/C(=N/NC(N)=S)c3cccc(C)c3)c2)c1
Cathepsin B	10000.1	'>'	Homo sapiens	NC(=S)N/N=C(\c1ccccc1)c1cc(C(=O)c2ccccc2)cc(C(=O)c2ccccc2)c1
Cathepsin B	100000.1	'>'	Homo sapiens	COc1cccc(/C=C/C(=O)NC[C@@H](Cc2ccccc2)NS(=O)(=O)c2ccc(C(F)(F)F)cc2)c1
Cathepsin B	9493.0	'='	Homo sapiens	NC(=S)N/N=C(/c1cccc(Br)c1)c1ccc(O)c(Br)c1
Cathepsin B	23900.0	'='	Homo sapiens	CCOC(=O)/C=C/[C@@H](O)[C@H](CCc1ccccc1)NC(=O)[C@H](Cc1ccccc1)NC(=O)OCc1ccccc1
Cathepsin B	28000.0	'='	Homo sapiens	COc1cccc2[nH]c(C(=O)N[C@@H](CC(C)C)C(=O)N[C@H](C#N)C[C@@H]3CCNC3=O)cc12
Cathepsin B	52.0	'='	Homo sapiens	CC[C@@H](C)[C@H](NC(=O)c1ccccc1)C(=O)N[C@@H](C=O)Cc1c[nH]c2ccccc12
Cathepsin B	10000.1	'>'	Homo sapiens	CCCc1cc(-c2cccc(C(C)(C)C)c2)nc(C#N)n1
Cathepsin B	100000.1	'>'	Homo sapiens	N#Cc1ccccc1N1CCN(C[C@H](O)COC[C@@H](Cc2ccccc2)NC(=O)C2CCN(C(=O)OCc3ccccc3)CC2)CC1
Cathepsin B	8800.0	'='	Homo sapiens	Cl.O=C1C=C(Nc2ccccc2N2CCNCC2)C2=NS(=O)(=O)c3cccc1c32
Cathepsin B	100000.1	'>'	Homo sapiens	N#Cc1ccccc1N1CCN(C[C@@H](O)COC[C@@H](Cc2ccccc2)NC(=O)c2ccncc2)CC1
Cathepsin B	1111.0	'='	Homo sapiens	CC(C)(F)C[C@H](N[C@@H](c1ccc(-c2ccc(N3CCNCC3)cc2)cc1)C(F)(F)F)C(=O)NCC#N
Cathepsin B	100000.1	'>'	Homo sapiens	N#Cc1ccccc1N1CCN(C[C@H](O)COC[C@H](Cc2ccccc2)NC(=O)c2ccncc2)CC1
Cathepsin B	87.0	'='	Homo sapiens	CC(C)[C@H](N[C@@H](c1ccc(-c2ccc([C@@H](O)C(F)F)cc2)cc1)C(F)(F)F)C(=O)N[C@H](C#N)Cc1ccc(C#N)cc1F
Cathepsin B	90200.0	'='	Homo sapiens	O=C(O)c1cc(Cc2ccc(O)c(C(=O)O)c2)ccc1O
Cathepsin B	150.0	'='	Homo sapiens	N#CN1CC(CNC(=O)C2CCCCC2)C1
Cathepsin B	7300.0	'='	Homo sapiens	Cc1ccc(C)n1-c1ccc(Cl)c(C(=O)O)c1
Cathepsin B	30000.1	'>'	Homo sapiens	N#Cc1nc(NCc2ccc(Cl)c(Cl)c2)c2ncn(CCCCCO)c2n1
Cathepsin B	6.8	'='	Homo sapiens	Cc1cccc(C[C@H](NC(=O)c2ccc(F)cc2F)C(=O)N[C@H](C#N)COCc2cccc(C(=O)O)c2)c1
Cathepsin B	1300.0	'='	Homo sapiens	COc1cccc2[nH]c(C(=O)N[C@@H](CC(C)C)C(=O)N[C@@H](C[C@@H]3CCNC3=O)C(=O)CO)cc12
Cathepsin B	70.0	'='	Homo sapiens	CCOC(=O)/C=C/C(=O)[C@H](CCc1ccccc1)NC(=O)[C@H](Cc1ccccc1)NC(=O)N1CCOCC1
Cathepsin B	52600.0	'='	Homo sapiens	CCOC(=O)/C=C/[C@H](O)[C@H](CCc1ccccc1)NC(=O)[C@H](Cc1ccccc1)NC(=O)OCc1ccccc1
Cathepsin B	614.0	'='	Homo sapiens	N#CCNC(=O)C1(NC(=O)c2ccc(-c3ccc(N4CCNCC4)cc3)cc2)CCCCC1
Cathepsin B	231.0	'='	Homo sapiens	CC(C)[C@H](NC(=O)[C@H](C)NC(=O)[C@@H](NC(=O)c1ccncc1)C(C)(C)C)C(=O)C(=O)NC1CCCCC1
Cathepsin B	10000.1	'>'	Homo sapiens	CCCc1cc(-c2cccc(S(C)(=O)=O)c2)nc(C#N)n1
Cathepsin B	18000.0	'='	Homo sapiens	COc1cc(Cl)cc2[nH]c(C(=O)N[C@@H](CC(C)C)C(=O)N[C@H](C#N)C[C@@H]3CCCNC3=O)cc12
Cathepsin B	80.0	'='	Homo sapiens	CCOC(=O)/C=C/C(=O)[C@@H](CCc1ccccc1)NC(=O)[C@H](Cc1ccccc1)NC(=O)N1CCOCC1
Cathepsin B	60.0	'='	Homo sapiens	CCOC(=O)/C=C/C(=O)[C@@H](CC(C)C)NC(=O)[C@H](Cc1ccccc1)NC(=O)OCc1ccccc1
Cathepsin B	810.0	'='	Homo sapiens	CCCC[C@@H](C=O)NC(=O)OC1(Cc2ccccc2)CCCC1
Cathepsin B	5239.0	'='	Homo sapiens	CC(C)C[C@H](N[C@@H](c1ccc(-c2ccc(S(C)(=O)=O)cc2)cc1)C(F)(F)F)C(=O)NCC#N
Cathepsin B	9.9	'<'	Homo sapiens	Cc1cccc(C[C@H](NC(=O)c2ccc(F)cc2F)C(=O)N[C@H](C#N)COCc2cccc(C(=O)O)c2)c1
Cathepsin B	10000.1	'>'	Homo sapiens	CC(C)CC(C(=O)NCC#N)c1cccc(-c2ccc(C3CNCCN3)cc2)c1
Cathepsin B	30000.1	'>'	Homo sapiens	N=C(N)c1ccc(/N=N/Nc2ccc(C(=N)N)cc2)cc1
Cathepsin B	9.9	'<'	Homo sapiens	Cc1cccc(C[C@H](NC(=O)c2ccccc2)C(=O)N[C@H](C#N)COCc2cccc(C(=O)O)c2)c1
Cathepsin B	140.0	'='	Homo sapiens	CCOC(=O)/C=C/C(=O)[C@H](CCc1ccccc1)NC(=O)[C@H](CC(C)C)NC(=O)N1CCOCC1
Cathepsin B	1700.0	'='	Homo sapiens	N#Cc1nc(Nc2cccc(F)c2)nc(NC2CCNCC2)n1
Cathepsin B	4807.0	'='	Homo sapiens	CC(C)C[C@H](N[C@@H](c1ccc(-c2ccc(S(C)(=O)=O)cc2)cc1)C(F)(F)F)C(=O)NCC#N
Cathepsin B	61.0	'='	Homo sapiens	CCCN1CCN(c2ccc(C(=O)NC3(C(=O)NCC#N)CCCCC3)cc2)CC1
Cathepsin B	1000.0	'='	Homo sapiens	N#CC1(NC(=O)[C@@H]2CCCC[C@H]2C(=O)N2CCN(c3ccc(F)cc3)CC2)CC1
Cathepsin B	800.0	'='	Homo sapiens	[2H]C([2H])(OC(=O)N[C@@H](CC(C)C)C(=O)N[C@H](C=O)C[C@@H]1CCNC1=O)C(C)(C)Oc1ccc(Cl)cc1
Cathepsin B	87.0	'='	Homo sapiens	Cc1cccc(C[C@H](NC(=O)C(c2ccccc2)c2ccccc2)C(=O)NCC#N)c1
Cathepsin B	15000.1	'>'	Homo sapiens	Cc1cccc(C)c1-c1cccc(CNc2nc(C#N)nc3c2ncn3CCCO)c1
Cathepsin B	50000.0	'='	Homo sapiens	O=C(NCc1cccs1)[C@@H]1CN(C(=O)c2cncc3ccccc23)CCN1c1ccc(Cl)c(Cl)c1
Cathepsin B	50.0	'='	Homo sapiens	CCOC(=O)/C=C/C(=O)[C@H](CCc1ccccc1)NC(=O)[C@H](CC(C)C)NC(=O)OCc1ccccc1
Cathepsin B	1249.0	'='	Homo sapiens	CC(C)CC(C(=O)NCC#N)c1cccc(-c2ccc(C3CNCCN3)cc2)c1
Cathepsin B	30000.1	'>'	Homo sapiens	O=C(NCc1cccs1)[C@@H]1CN(C(=O)CCl)CCN1c1ccc(Cl)c(Cl)c1
Cathepsin B	10000.1	'>'	Homo sapiens	NC(=S)N/N=C1\CCOc2ccc(Cl)cc21
Cathepsin B	1990.0	'='	Homo sapiens	Cc1ccc(S(=O)(=O)n2nc(OC(=O)c3cccs3)cc2N)cc1
Cathepsin B	1800.0	'='	Homo sapiens	CCCC[C@@H](/C=N/NC(=O)N1CCc2ccccc21)NC(=O)OC1(Cc2ccccc2)CCCC1
Cathepsin B	123.0	'='	Homo sapiens	CC(C)C[C@H](Nc1cscc1-c1ccc(N2CCNCC2)cc1)C(=O)NCC#N
Cathepsin B	10000.1	'>'	Homo sapiens	NC(=S)N/N=C1\CCc2ccccc2C1
Cathepsin B	680.0	'='	Homo sapiens	C[C@@H](CC1CCCCC1)OC(=O)N[C@H]1CCN(C#N)C1
Cathepsin B	1260.0	'='	Homo sapiens	Nc1cc(OC(=O)c2ccco2)nn1S(=O)(=O)c1ccc(F)cc1
Cathepsin B	100000.1	'>'	Homo sapiens	N#Cc1ccccc1N1CCN(C[C@H](O)COC[C@H](Cc2ccccc2)NC(=O)C2CCN(C(=O)OCc3ccccc3)CC2)CC1
Cathepsin B	100000.1	'>'	Homo sapiens	O=C(OC[C@@H](Cc1ccccc1)NS(=O)(=O)c1ccc(Br)cc1)[C@@H](Cc1ccccc1)NS(=O)(=O)c1ccccc1
Cathepsin B	2.78	'='	Homo sapiens	COC1=CC(=O)N(C(=O)/C=C/[C@H](C)NC(=O)[C@H](CC(C)C)NC(=O)[C@H](CC2CCCCC2)NC(=O)C2CCN(C)CC2)[C@H]1Cc1c[nH]c2ccccc12
Cathepsin B	9000.0	'='	Homo sapiens	Nc1cc(OC(=O)c2cccs2)nn1S(=O)(=O)c1ccccc1
Cathepsin B	3950.0	'='	Homo sapiens	CC(C)C[C@@H](C(=O)NCC#N)c1cccc(-c2ccc(N3CCNCC3)cc2)c1
Cathepsin B	100000.1	'>'	Homo sapiens	Cn1cnc(Cn2c(=O)[nH]/c(=N\c3cc4cn(C)nc4cc3Cl)n(Cc3cc(F)c(F)cc3F)c2=O)n1
Cathepsin B	14.0	'='	Homo sapiens	CC(C)C[C@H](NC(=O)c1cc2ccccc2o1)C(=O)N[C@H]1CC[C@@H](C)N(S(=O)(=O)c2ccccn2)CC1=O
Cathepsin B	1111.0	'='	Homo sapiens	CC(C)C[C@H](N[C@@H](c1ccc(-c2ccc(N3CCNCC3)cc2)cc1)C(F)(F)F)C(=O)NCC#N
Cathepsin B	62000.0	'='	Homo sapiens	N#CCNC(=O)[C@H](Cc1ccccc1)NC(=O)OCc1ccccc1
Cathepsin B	250000.0	'='	Homo sapiens	
Cathepsin B	1000.1	'>'	Homo sapiens	O=C[C@@H](Cc1c[nH]c2ccccc12)NC(=O)CNS(=O)(=O)c1cccc2ccccc12
Cathepsin B	2.44	'='	Homo sapiens	CCCNC(=O)[C@H]1O[C@@H]1C(=O)N[C@H](C(=O)N1CCC[C@H]1C(=O)O)[C@@H](C)CC
Cathepsin B	100000.1	'>'	Homo sapiens	N#Cc1ccccc1N1CCN(C[C@H](O)COC[C@@H](Cc2ccccc2)NS(=O)(=O)c2ccc(Br)cc2)CC1
Cathepsin B	100000.1	'>'	Homo sapiens	N#Cc1ccccc1N1CCN(C[C@H](O)COC[C@H](Cc2ccccc2)NS(=O)(=O)c2ccc(Br)cc2)CC1
Cathepsin B	200.0	'='	Homo sapiens	O=C(CF)CNC(=O)[C@H](Cc1ccccc1)NC(=O)c1cccc2ccccc12
Cathepsin B	10000.1	'>'	Homo sapiens	NC(=S)N/N=C(\c1cccc(O)c1)c1cccc(Br)c1
Cathepsin B	50000.1	'>'	Homo sapiens	CC(C)C[C@H](NC(=O)c1cc2c(F)cccc2[nH]1)C(=O)NN(C[C@@H]1CCNC1=O)C(=O)[C@H](F)Cl
Cathepsin B	10000.1	'>'	Homo sapiens	NC(=S)NN=C(c1ccccc1)c1ccccc1
Cathepsin B	4.76	'='	Homo sapiens	COC1=CC(=O)N(C(=O)/C=C/[C@H](C)NC(=O)[C@H](CCc2ccccc2)NC(=O)[C@H](CC2CCCCC2)NC(=O)[C@H](C(C)C)N(C)C)[C@H]1Cc1c[nH]c2ccccc12
Cathepsin B	5.7	'='	Homo sapiens	CN1CCN(C(=O)N[C@@H](Cc2ccccc2)C(=O)N[C@H](/C=C/S(=O)(=O)c2ccccc2)CCc2ccccc2)CC1
Cathepsin B	1400.0	'='	Homo sapiens	CC(C)C[C@H](NC(=O)OCc1ccccc1)C(=O)N[C@@H](C[C@@H]1CCNC1=O)C(O)S(=O)(=O)[O-].[Na+]
Cathepsin B	10000.1	'>'	Homo sapiens	NC(=S)N/N=C1\CCSc2ccc(Cl)cc21
Cathepsin B	30000.1	'>'	Homo sapiens	CC(C)(C)[C@H](NC(=O)C(F)(F)F)C(=O)N1C[C@H]2[C@@H]([C@H]1C(=O)N[C@H](C#N)C[C@@H]1CCNC1=O)C2(C)C
Cathepsin B	7.34	'='	Homo sapiens	CC[C@H](C)[C@@H](C(=O)O[C@@H](CC(C)C)C(=O)N[C@@H](CC(C)C)C(=O)N[C@@H](C)/C=C/C(=O)N1C(=O)C=C(OC)[C@@H]1C)N(C)C
