Target Name	IC50 (nM)	Target Source Organism According to Curator or DataSource	Ligand SMILES
Cathepsin D	2600.0	Homo sapiens	CC1(c2cccc(Nc3cc(F)cc4cc(Cl)cnc34)c2)COCC(N)=N1
Cathepsin D	10000.1	Homo sapiens	CC(C)[C@H](NC(=O)OCc1ccccc1)C(=O)N[C@@H](Cc1ccccc1)[C@@H](O)[C@H]1NCc2ccc(cc2)OCCOCCOCCNC(=O)[C@H](C(C)C)NC1=O
Cathepsin D	10000.1	Homo sapiens	CCOc1ccc2nc(Sc3ccc(NC(=O)c4cc(Cl)ccc4O)cc3)sc2c1
Cathepsin D	1800.0	Homo sapiens	CCOc1ccc2sc(Sc3ccc(NC(=O)c4cc(Cl)cc(Cl)c4O)cc3)nc2c1
Cathepsin D	1600.0	Homo sapiens	N#Cc1cc(NC(=O)c2cc(Cl)cc(Cl)c2O)ccc1Sc1nc2ccccc2s1
Cathepsin D	81.0	Homo sapiens	CC[C@H](C)[C@H](NC(=O)C[C@H](N)[C@H](Cc1ccccc1)NC(=O)[C@@H](NC(=O)[C@@H](N)Cc1ccccc1)C(C)C)C(=O)N[C@H](C(=O)OC)C(C)C
Cathepsin D	2116.0	Homo sapiens	COc1cccc(CNC[C@@H](O)[C@H](Cc2ccccc2)NC(=O)CCS(=O)(=O)NCCC(C)C)c1
Cathepsin D	10986.0	Homo sapiens	CCCC(C)S(=O)(=O)CCC(=O)N[C@@H](Cc1ccccc1)[C@H](O)CNCc1cccc(OC)c1
Cathepsin D	6042.0	Homo sapiens	COc1cccc(CNC[C@@H](O)[C@H](Cc2ccccc2)NC(=O)CCS(=O)(=O)c2ccccc2)c1
Cathepsin D	9.0	Homo sapiens	Cc1cccc(C(=O)NNc2c3ccccc3nc3c(C)c(C)ccc23)c1
Cathepsin D	60.0	Homo sapiens	COc1cc(C(=O)c2c(OCC(=O)O)ccc3ccccc23)cc(OC)c1OC
Cathepsin D	4800.0	Homo sapiens	CC(C)C[C@H](NC(=O)[C@H](Cc1ccccc1)NC(=O)[C@H](CCCNC(=N)N)NC(=O)OCc1ccccc1)[C@@H](O)CC(=O)NC1CCCCC1.O=C(O)C(F)(F)F
Cathepsin D	100000.1	Homo sapiens	CC(C)C[C@H](NC(=O)[C@H](C)NC(=O)[C@H](CCCNC(=N)N)NC(=O)OCc1ccccc1)[C@@H](O)CC(=O)NCc1ccccc1.O=C(O)C(F)(F)F
Cathepsin D	100000.1	Homo sapiens	CC(=O)N[C@@H](CCCNC(=N)N)C(=O)N[C@@H](C)C(=O)N[C@@H](CC(C)C)[C@@H](O)CC(=O)NCCCC(N)=O.O=C(O)C(F)(F)F
Cathepsin D	43.0	Homo sapiens	CC(C)C[C@H](NC(=O)[C@H](C)NC(=O)[C@H](CCc1ccccc1)NC(=O)OCc1ccccc1)[C@@H](O)CC(=O)NC1CCCCC1
Cathepsin D	90.0	Homo sapiens	CSCC[C@H](NC(=O)[C@H](CC(C)C)NC(C)=O)C(=O)N[C@@H](CC(C)C)[C@@H](O)[C@@H]1CCC[C@H]1C(=O)N[C@@H](C)C(=O)O
Cathepsin D	130.0	Homo sapiens	CCCCNC(=O)[C@@H](NC(=O)[C@@H]1C(=O)N(CC)C[C@H]1[C@H](O)[C@H](CC(C)C)NC(=O)[C@H](CCSC)NC(=O)[C@H](CC(C)C)NC(C)=O)C(C)C
Cathepsin D	46.0	Homo sapiens	CC[C@H](C)[C@H](NC(=O)C[C@H](N)[C@H](Cc1ccccc1)NC(=O)[C@@H](NC(=O)[C@H](CC(C)C)NC(=O)CC(C)C)C(C)C)C(=O)Nc1ccn(C)n1
Cathepsin D	28.0	Homo sapiens	CC[C@H](C)[C@H](NC(=O)C[C@H](N)[C@H](Cc1ccccc1)NC(=O)[C@@H](NC(=O)Cc1cccc(OC(F)(F)F)c1)C(C)C)C(=O)NCCC(C)C
Cathepsin D	1800.0	Homo sapiens	CCOc1ccc2nc(Sc3ccc(NC(=O)c4cc(Cl)ccc4NS(=O)(=O)c4ccccc4C(=O)O)cc3)sc2c1
Cathepsin D	1400.0	Homo sapiens	CC(C)c1cccc(CNC[C@@H](O)[C@@H]2C[C@H](C)CCCCCCCCC(=O)N(C)[C@@H](C)C(=O)N2)c1
Cathepsin D	1.0	Homo sapiens	CC(C)c1ccc2c(c1)[C@@H](NC[C@@H](O)[C@@H]1C[C@H](C)CCCCCCCCC(=O)N(C)[C@@H](C)C(=O)N1)CC(C)(C)O2
Cathepsin D	3200.0	Homo sapiens	O=C(Nc1ccc(Sc2nc3ccccc3o2)cc1)c1cc(Cl)cc(Cl)c1O
Cathepsin D	60.0	Homo sapiens	CC(C)C[C@H](NC(=O)[C@H](CC(N)=O)NC(=O)[C@@H](NC(=O)[C@@H](N)CCC(=O)O)C(C)C)[C@@H](O)[C@@H]1CCC[C@H]1C(=O)N[C@@H](C)C(=O)N[C@@H](CCC(=O)O)C(=O)O
Cathepsin D	25.0	Homo sapiens	CSCC[C@H](NC(=O)[C@H](CC(C)C)NC(C)=O)C(=O)N[C@@H](CC(C)C)[C@@H](O)[C@@H]1CCC[C@H]1C(=O)N[C@H](C(=O)O)C(C)C
Cathepsin D	2000.0	Homo sapiens	O=C(Cn1c(-c2ccccn2)nc2ccccc21)c1ccc(-c2ccccc2)cc1
Cathepsin D	14300.0	Homo sapiens	COc1ccc(C2(c3cccc(-c4cncnc4)c3)N=C(N)N(C)C2=O)cc1C
Cathepsin D	12290.0	Homo sapiens	COc1cc(NC(=O)/C=C/COc2ccc3ccccc3c2C(=O)c2cc(OC)c(OC)c(OC)c2)cc(OC)c1OC
Cathepsin D	1000000.1	Homo sapiens	COc1ccc(NC(=O)COc2ccc3ccccc3c2C(=O)c2cc(OC)c(OC)c(OC)c2)cc1
Cathepsin D	300000.1	Homo sapiens	C[C@@H]1C[C@H]1COC(C)(C)[C@@H]1C[C@H]1[C@]12CN(c3ncccn3)C[C@H]1CSC(N)=N2
Cathepsin D	40900.0	Homo sapiens	Cl.Cl.NC1=N[C@@]2(c3cccs3)CN(c3ncccn3)C[C@H]2CS1
Cathepsin D	29000.0	Homo sapiens	Cl.NC1=N[C@@]2(c3ccns3)CN(c3ncc(F)cn3)C[C@H]2CS1
Cathepsin D	169000.0	Homo sapiens	NC1=N[C@@]2(c3cc(NC(=O)c4ncc(F)cc4F)ccc3F)CN(c3ncc(F)cn3)C[C@H]2CS1
Cathepsin D	1000000.1	Homo sapiens	CCOC(=O)COc1ccc2ccccc2c1C(=O)c1cc(OC)c(OC)c(OC)c1
Cathepsin D	12500.0	Homo sapiens	CC(C)C(NC(=O)C[C@@H]1O[C@@H]1[C@H](Cc1ccccc1)NC(=O)C(CC(N)=O)NC(=O)c1ccc2ccccc2n1)C(C)C
Cathepsin D	7000.1	Homo sapiens	CCOc1ccc2nc(Sc3ccc(NC(=O)c4cc(Cl)cc(Cl)c4OC)cc3)sc2c1
Cathepsin D	3709.0	Homo sapiens	CN1C(=O)C2(CC(C)(C)Oc3ccc(-c4cccnc4F)cc32)N=C1N
Cathepsin D	30000.0	Homo sapiens	CN1C(=O)C(c2ccncc2)(c2cccc(-c3ccccc3)c2)N=C1N
Cathepsin D	31900.0	Homo sapiens	O=C(Cn1c(-c2ccccn2)nc2ccccc21)c1ccc(Cl)cc1
Cathepsin D	100000.1	Homo sapiens	CC(C)C[C@H](NC(=O)[C@H](C)NC(=O)[C@H](CCCNC(=N)N)NS(=O)(=O)Cc1ccccc1)[C@@H](O)CC(=O)NCCc1ccccc1.O=C(O)C(F)(F)F
Cathepsin D	10000.1	Homo sapiens	CC(C)[C@H](NC(=O)OCc1ccccc1)C(=O)N[C@@H](Cc1ccccc1)[C@@H](O)[C@H]1NCc2ccc(cc2)OCCOCCNC(=O)[C@H](C(C)C)NC1=O
Cathepsin D	8100.0	Homo sapiens	CCCCNC(=O)[C@H](C)C[C@H](O)[C@@H]1C[C@H](C)CCCCCCCCC(=O)N(C)[C@@H](C)C(=O)N1
Cathepsin D	2410.0	Homo sapiens	COc1ccc(C2(c3ccc(F)c(-c4cccnc4F)c3)N=C(N)N(C)C2=O)cc1C
Cathepsin D	2400.0	Homo sapiens	NC1=NC(c2ccc(OC(F)(F)F)cc2)(c2cccc(-c3cccnc3F)c2)C2=NOCCN12
Cathepsin D	26180.0	Homo sapiens	CN1C(=O)C(c2ccc(OC(F)(F)F)cc2)(c2cccc(-c3cncnc3)c2F)N=C1N
Cathepsin D	106000.0	Homo sapiens	C[C@@]1(c2nc(NC(=O)c3ncc(OCC(F)(F)F)nc3N)ccc2F)CO[C@@](C)(C(F)(F)F)C(N)=N1
Cathepsin D	10000.1	Homo sapiens	CCOc1ccc2nc(Sc3ccc(NC(=O)c4ccc(C(F)(F)F)cc4O)cc3)sc2c1
Cathepsin D	215.0	Homo sapiens	C[C@H]1C[C@@H](N2C(=N)N[C@](C)(c3cccc(Nc4cnc(C5CC5)nc4)c3Cl)CC2=O)CCO1
Cathepsin D	88464.0	Homo sapiens	CC1(C)Cc2ccc(-c3cncnc3)cc2[C@@]2(COC(N)=N2)C1
Cathepsin D	329.0	Homo sapiens	COCCN1C(=O)C2(CC(C)(C)Oc3ccc(-c4cccc(Cl)c4)cc32)N=C1N
Cathepsin D	6400.0	Homo sapiens	CCCN1C(=O)OC[C@@H]1Cc1cc(C[C@@H]2CS(=O)(=O)C[C@H](NCc3cccc(C(C)C)c3)[C@H]2O)ccc1O
Cathepsin D	10000.1	Homo sapiens	CCOc1ccc2nc(Sc3ccc(NC(=O)c4cccc(Cl)c4O)cc3)sc2c1
Cathepsin D	780.0	Homo sapiens	CCOc1ccc2nc(Sc3ccc(NC(=O)c4cc(Cl)cc(Cl)c4NC(=O)c4cc(Cl)cc(Cl)c4)cc3)sc2c1
Cathepsin D	2000.0	Homo sapiens	COc1ccc(CN[C@@H](C(=O)N[C@H](C(=O)NCc2nc3ccccc3[nH]2)C(C)C)[C@H](O)[C@H](Cc2ccccc2)NC(=O)[C@@H](NC(=O)C(C)Oc2ccccc2)C(C)(C)C)cc1
Cathepsin D	8.0	Homo sapiens	CCN(CC)S(=O)(=O)c1ccc(C)c(NC(=O)[C@@H](CC2CCCCC2)NC(=N)NC(=O)Cc2ccc(OC)c(OC)c2)c1.O=C(O)C(F)(F)F
Cathepsin D	20000.0	Homo sapiens	Nc1nc2cc(-c3ccccc3)cc(-c3ccc(C(=O)O)cc3)c2c(=O)n1C[C@@H]1CC[C@H](c2ccccc2)O1
Cathepsin D	63.0	Homo sapiens	Cc1ccc(S(=O)(=O)N(C)C)cc1NC(=O)[C@@H](CC1CCCCC1)NC(=N)NC(=O)Cc1ccc(F)c(F)c1.O=C(O)C(F)(F)F
Cathepsin D	11.0	Homo sapiens	COc1ccc(CC(=O)NC(=N)N[C@H](CC2CCCCC2)C(=O)Nc2cc(S(=O)(=O)N(C(C)C)C(C)C)ccc2C)cc1OC.O=C(O)C(F)(F)F
Cathepsin D	5947.0	Homo sapiens	CNS(=O)(=O)c1ccc(C)c(NC(=O)[C@@H](C)NC(=N)NC(=O)Cc2ccc(OC)c(OC)c2)c1.O=C(O)C(F)(F)F
Cathepsin D	16.0	Homo sapiens	CNS(=O)(=O)c1ccc(C)c(NC(=O)[C@@H](CC2CCCCC2)NC(=N)NC(=O)Cc2ccc(OC)c(C(F)(F)F)c2)c1.O=C(O)C(F)(F)F
Cathepsin D	26.0	Homo sapiens	COC(=O)[C@@H]1CCCN1C(=O)[C@@H](Cc1ccccc1)N(C)C(=O)[C@H](C)NC(=O)[C@@H](NC(=O)C[C@H](O)[C@H](CC(C)C)NC(=O)[C@H](CC(N)=O)NC(=O)[C@H](CC(C)C)NC(=O)[C@H](OC(=O)[C@@H](OC(=O)[C@H](C(C)C)N(C)C)C(C)C)C(C)C)[C@@H](C)O
Cathepsin D	262000.0	Homo sapiens	Nc1ccc(C(=O)CCC2CNCC=C(COC(=O)c3ccc4ccccc4c3)C2)cc1
Cathepsin D	7500.0	Homo sapiens	C[C@]12CCOC[C@@H]1[C@]1(COC(N)=N1)c1cc(-c3cc(F)cc(Cl)c3)ccc1O2
Cathepsin D	6000.0	Homo sapiens	Nc1nc2cc(-c3ccc(CCCc4ccccc4)cc3)ccc2c(=O)n1C[C@@H]1CC[C@H](c2ccccc2)O1
Cathepsin D	2030.0	Homo sapiens	CCCCCCc1ccc(S(=O)(=O)C2C3CCC(N3)C2NCc2ccc3ccccc3c2)cc1
Cathepsin D	57.0	Homo sapiens	CC[C@H](C)[C@H](NC(=O)C[C@H](O)[C@H](Cc1ccccc1)NC(=O)[C@H](CCC(N)=O)N(C)C(=O)[C@@H](NC(=O)[C@H](C)O)[C@@H](C)CC)C(=O)NCC(=O)N(C)[C@H](Cc1ccccc1)C(=O)N1CCC[C@H]1C(=O)O
Cathepsin D	210.0	Homo sapiens	CC(C)[C@H](NC(=O)[C@H](C)C[C@H](O)[C@H](COCc1cc(F)cc(F)c1)NC(=O)c1cc(C(=O)N[C@H](C)c2ccccc2)cc(N(C)S(C)(=O)=O)c1)C(=O)NCc1ccccc1
Cathepsin D	5000.1	Homo sapiens	CNC(=O)c1cc(C(=O)N[C@@H](COCc2cc(F)cc(F)c2)[C@@H](O)C[C@@H](C)C(=O)N[C@H](C(=O)NCc2ccccc2)C(C)C)cc(N(C)S(C)(=O)=O)c1
Cathepsin D	42000.0	Homo sapiens	C[C@]12CCOC[C@@H]1[C@]1(COC(N)=N1)c1cc(-c3cccnc3F)ccc1O2
Cathepsin D	36.0	Homo sapiens	CNS(=O)(=O)c1ccc(C)c(NC(=O)[C@@H](CC2CCCCC2)NC(=N)NC(=O)Cc2ccc(Cl)c(Cl)c2)c1.O=C(O)C(F)(F)F
Cathepsin D	95.0	Homo sapiens	COc1ccc(CC(=O)NC(=N)N[C@H](CC2CC2)C(=O)Nc2cc(S(N)(=O)=O)ccc2C)cc1OC.O=C(O)C(F)(F)F
Cathepsin D	150.0	Homo sapiens	COc1cccc(C(C)(C)NC[C@@H](O)[C@H](Cc2ccccc2)NC(=O)c2cc(C(=O)NCC3CCCCC3)cc(N3CCCCC3)c2)c1
Cathepsin D	10800.0	Homo sapiens	NC1=NC(c2ccc(OC(F)(F)F)cc2)(c2cccc(-c3cccnc3F)c2)C2=NCCCCN12
Cathepsin D	7000.0	Homo sapiens	Clc1ccc2sc(SCCCc3ccc(OC4C5CCC(N5)C4OCc4ccc5ccccc5c4)cc3)nc2c1
Cathepsin D	100000.1	Homo sapiens	CCCNC(=O)[C@H]1O[C@@H]1C(=O)N[C@H](C(=O)N1CCC[C@H]1C(=O)O)[C@@H](C)CC
Cathepsin D	59.0	Homo sapiens	CC(C)[C@H](NC(=O)[C@H](C)C[C@H](O)[C@H](COc1cc(F)cc(F)c1)NC(=O)c1cc(C(=O)N[C@H](C)c2ccccc2)cc(N(C)S(C)(=O)=O)c1)C(=O)NCc1ccccc1
Cathepsin D	178000.0	Homo sapiens	Cc1cc(C#N)cnc1C(=O)Nc1ccc(F)c([C@]2(C)CO[C@@](C)(C(F)(F)F)C(N)=N2)n1
Cathepsin D	4880.0	Homo sapiens	CCCCN(CCCC)S(=O)(=O)CCC(=O)N[C@@H](Cc1ccccc1)[C@H](O)CNCc1cccc(OC)c1
Cathepsin D	100.0	Homo sapiens	CC[C@H](C)[C@H](NC(=O)C[C@H](O)[C@H](CC(C)C)NC(=O)[C@H](CCC(N)=O)N(C)C(=O)[C@H](CC(C)C)NC(=O)[C@H](C)OC(=O)[C@H](Cc1ccccc1)N(C)C)C(=O)N[C@@H](C)C(=O)N(C)[C@H](Cc1ccccc1)C(=O)N1CCC[C@H]1C(=O)OC
Cathepsin D	1700.0	Homo sapiens	CCCCNC(=O)[C@H](C)C[C@H](O)[C@@H]1C[C@H](C)CCCCCCCCC(=O)N[C@@H](C)C(=O)N1
Cathepsin D	41.0	Homo sapiens	CC(C)[C@H](NC(=O)[C@H](C)C[C@H](O)[C@H](COCc1ccccc1)NC(=O)c1cc(C(=O)N[C@H](C)c2ccccc2)cc(N(C)S(C)(=O)=O)c1)C(=O)NCc1ccccc1
Cathepsin D	50000.1	Homo sapiens	CC(C)C[C@H](NC(=O)OCC(C)(C)Sc1ccccc1)C(=O)N[C@H](C=O)C[C@@H]1CCNC1=O
Cathepsin D	163.0	Homo sapiens	COc1ccc(CC(=O)NC(=N)N[C@H](CC2CCCCC2)C(=O)Nc2cc(S(=O)(=O)NC3CCCCC3)ccc2C)cc1OC.O=C(O)C(F)(F)F
Cathepsin D	86.0	Homo sapiens	COc1ccc(CC(=O)NC(=N)N[C@H](CC2CCCCC2)C(=O)Nc2cc(S(=O)(=O)N3CCN(C)CC3)ccc2C)cc1OC.O=C(O)C(F)(F)F
Cathepsin D	123.0	Homo sapiens	COc1ccc(CC(=O)NC(=N)N[C@H](Cc2cc3ccccc3s2)C(=O)Nc2cc(S(N)(=O)=O)ccc2C)cc1OC.O=C(O)C(F)(F)F
Cathepsin D	677.0	Homo sapiens	COc1ccc(CC(=O)NC(=N)N[C@H](Cn2cc(-c3ccccc3)nn2)C(=O)Nc2cc(S(N)(=O)=O)ccc2C)cc1OC.O=C(O)C(F)(F)F
Cathepsin D	18340.0	Homo sapiens	COc1ccc(CC(=O)NC(=N)NCC(=O)Nc2cc(S(N)(=O)=O)ccc2C)cc1OC.O=C(O)C(F)(F)F
Cathepsin D	5.0	Homo sapiens	CNS(=O)(=O)c1ccc(C)c(NC(=O)[C@@H](CC2CCCCC2)NC(=N)NC(=O)Cc2ccc(OC)c(Cl)c2)c1.O=C(O)C(F)(F)F
Cathepsin D	57.0	Homo sapiens	CC[C@H](C)[C@H](NC(=O)C[C@H](O)[C@H](Cc1ccccc1)NC(=O)[C@H](CCC(N)=O)N(C)C(=O)[C@@H](NC(=O)[C@H](C)O)[C@@H](C)CC)C(=O)NCC(=O)N(C)[C@H](Cc1ccccc1)C(=O)N1CCC[C@H]1C(=O)OC
Cathepsin D	5500.0	Homo sapiens	CC[C@H](C)[C@H](NC(=O)C[C@H](O)[C@H](CC(C)C)NC(=O)[C@H](CCC(N)=O)N(C)C(=O)[C@H](CC(C)C)NC(=O)[C@H](C)O)C(=O)N[C@@H](C)C(=O)N(C)[C@H](Cc1ccccc1)C(=O)N1CCC[C@H]1C(=O)OC
Cathepsin D	10000.1	Homo sapiens	N=C1NC(c2ccccc2)(c2cccc(-c3cccnc3)c2)C(=O)N1C1CCCCC1
Cathepsin D	10000.1	Homo sapiens	CCOc1ccc2nc(Sc3ccc(NC(=O)c4ccccc4O)cc3)sc2c1
Cathepsin D	64.0	Homo sapiens	C[C@H]1C[C@@H](N2C(=N)N[C@](C)(c3cccc(Nc4ccc(C5CC5)nc4)c3Cl)CC2=O)CCO1
Cathepsin D	48603.0	Homo sapiens	CC1(C)Cc2ccc(-c3cncc(F)c3)cc2C2(COC(N)=N2)C1
Cathepsin D	14704.0	Homo sapiens	CN1C(=O)C2(CC(C)(C)Oc3ccc(-c4cncnc4)cc32)N=C1N
Cathepsin D	50000.1	Homo sapiens	CC(C)C[C@H](NC(=O)OCC(C)(C)Oc1ccc(F)cc1)C(=O)N[C@H](C=O)C[C@@H]1CCNC1=O
Cathepsin D	12200.0	Homo sapiens	COc1ccc(C2(c3cccc(-c4cccnc4)c3)N=C(N)N(C)C2=O)cc1OC(C)C
Cathepsin D	1200.0	Homo sapiens	O=C(Nc1ccc(Sc2nc3ccc(Cl)cc3s2)cc1)c1cc(Cl)cc(Cl)c1O
Cathepsin D	820.0	Homo sapiens	COc1ccc([C@@]2(c3ccc(F)c(-c4cccnc4F)c3)N=C(N)N(C)C2=O)cc1C
Cathepsin D	2050.0	Homo sapiens	COc1ncccc1-c1cccc(C2(c3ccc(OC(F)(F)F)cc3)N=C(N)N(C)C2=O)c1
Cathepsin D	100000.1	Homo sapiens	Nc1nc2cc(-c3ccc(CCCc4ccccc4)cc3)ccc2c(=O)n1CC1CCCO1
Cathepsin D	851.0	Homo sapiens	CNS(=O)(=O)c1ccc(C)c(NC(=O)[C@H](CC2CCCCC2)NC(=N)NC(=O)Cc2ccc(OC)c(OC)c2)c1.O=C(O)C(F)(F)F
Cathepsin D	108.0	Homo sapiens	CNS(=O)(=O)c1ccc(C)c(NC(=O)[C@H](NC(=N)NC(=O)Cc2ccc(OC)c(OC)c2)c2ccccc2)c1.O=C(O)C(F)(F)F
Cathepsin D	45.0	Homo sapiens	CCC[C@@H](NC(=N)NC(=O)Cc1ccc(OC)c(OC)c1)C(=O)Nc1cc(S(N)(=O)=O)ccc1C.O=C(O)C(F)(F)F
Cathepsin D	24000.0	Homo sapiens	CN1C(=O)C(c2ccccc2)(C2CCCCC2)N=C1N
Cathepsin D	2800.0	Homo sapiens	O=C(Nc1ccc(Oc2nc3ccccc3s2)cc1)c1cc(Cl)cc(Cl)c1O
Cathepsin D	140.0	Homo sapiens	COc1cc(Br)c(CC(=O)NC(=N)N[C@H](CC2CCCCC2)C(=O)NCc2cccc(-c3nnn[nH]3)c2)cc1OC
Cathepsin D	67.0	Homo sapiens	COc1ccc(CNC(=O)[C@@H](CC(C)C)NC(=N)NC(=O)Cc2ccc(OC)c(OC)c2)cc1OC
Cathepsin D	8300.0	Homo sapiens	COc1ccc(CC(=O)NC(=N)N[C@@H](Cc2ccccc2)C(=O)NCCN2C(=O)c3ccccc3C2=O)cc1OC
Cathepsin D	10000.0	Homo sapiens	COc1cc(CC(=O)NC(=N)NCc2ccccc2)c([N+](=O)[O-])cc1OC
Cathepsin D	1700.0	Homo sapiens	O=C(Nc1ccc(Sc2nc3ccc(OC(F)(F)F)cc3s2)cc1)c1cc(Cl)cc(Cl)c1O
Cathepsin D	9600.0	Homo sapiens	NC1=NC(c2cccc(-c3cccnc3F)c2)(c2ccc3c(c2)OCCO3)C2=NCCCN12
Cathepsin D	447.0	Homo sapiens	CC[C@H](C)[C@H](NC(=O)[C@H](CCCNC(=N)N)NC(=O)OCc1ccccc1)C(=O)N[C@@H](CC(C)C)[C@@H](O)CC(=O)NC1CCCCC1.O=C(O)C(F)(F)F
Cathepsin D	4900.0	Homo sapiens	CCCN(CCC)S(=O)(=O)CCC(=O)N[C@@H](Cc1ccccc1)[C@H](O)CNCc1cccc(OC)c1
Cathepsin D	430.0	Homo sapiens	C=C1C[C@@H]([C@H](O)[C@H](CC(C)C)NC(=O)[C@H](CCSC)NC(=O)[C@H](CC(C)C)NC(C)=O)[C@H](C(=O)N[C@@H](C)C(=O)O)C1
Cathepsin D	670.0	Homo sapiens	CC(C)Oc1cccc(CN[C@H]2CS(=O)(=O)C[C@@H](Cc3ccc(O)c(Br)c3)[C@@H]2O)c1
Cathepsin D	420.0	Homo sapiens	CC1(C)CC2(N=C(N)N(CC(F)(F)F)C2=O)c2cc(-c3cccc(Cl)c3)ccc2O1
Cathepsin D	2513.0	Homo sapiens	CN1C(=O)C2(CC(C)(C)Oc3ccc(C4CCCCC4)cc32)N=C1N
Cathepsin D	430.0	Homo sapiens	CC(C)Oc1cccc(-c2ccc3c(c2)C2(CC(C)(C)O3)N=C(N)N(C)C2=O)c1
Cathepsin D	460.0	Homo sapiens	CCOc1ccc2nc(Sc3ccc(NS(=O)(=O)c4cc(Cl)cc(Cl)c4OS(=O)(=O)c4cc(Cl)cc(Cl)c4O)cc3)sc2c1
Cathepsin D	250.0	Homo sapiens	CCN(CC)C(=O)c1cc(C(=O)N[C@@H](Cc2ccccc2)[C@H](O)CNC(C)(C)c2cccc(OC)c2)cc(N2CCCCC2)c1
Cathepsin D	250000.1	Homo sapiens	Cc1cc(C#N)cnc1C(=O)Nc1cc([C@]2(C)CO[C@@](C)(C(F)(F)F)C(N)=N2)c(F)cn1
Cathepsin D	57.0	Homo sapiens	CNS(=O)(=O)c1ccc(C)c(NC(=O)[C@H](NC(=N)NC(=O)Cc2ccc(OC)c(OC)c2)C2CCCCC2)c1.O=C(O)C(F)(F)F
Cathepsin D	180.0	Homo sapiens	Cc1ccc(S(=O)(=O)N(C)C)cc1NC(=O)[C@@H](CC1CCCCC1)NC(=N)NC(=O)Cc1cc(C(F)(F)F)cc(C(F)(F)F)c1.O=C(O)C(F)(F)F
Cathepsin D	370.0	Homo sapiens	CNC(=O)Oc1ccc(C[C@@H]2CS(=O)(=O)C[C@H](NCc3cccc(C(C)C)c3)[C@H]2O)cc1Br
Cathepsin D	447.0	Homo sapiens	CSc1cccc(-c2ccc3c(c2)C2(CC(C)(C)O3)N=C(N)N(C)C2=O)c1
Cathepsin D	320.0	Homo sapiens	CCCCNC(=O)C[C@H](O)[C@H](CC(C)C)NC(=O)[C@@H](NC(=O)Cc1ccc2ccccc2c1)C(C)CC
Cathepsin D	490.0	Homo sapiens	CN1C(=O)[C@]2(N=C1N)c1cc(-c3cccnc3F)ccc1O[C@H]1CCOC[C@@]12C
Cathepsin D	6760.0	Homo sapiens	CN1C(=O)C2(CC(C)(C)Oc3ccc(-c4cncc(F)c4)cc32)N=C1N
Cathepsin D	973.0	Homo sapiens	CC#Cc1cncc(-c2ccc3c(c2)C2(CC(C)(C)O3)N=C(N)N(C)C2=O)c1
Cathepsin D	1085.0	Homo sapiens	CCOc1cccc(-c2ccc3c(c2)C2(CC(C)(C)O3)N=C(N)N(C)C2=O)c1
Cathepsin D	1176.0	Homo sapiens	CN1C(=O)C2(CC(C)(C)Oc3ccc(-c4cccc(C#N)c4)cc32)N=C1N
Cathepsin D	2000.0	Homo sapiens	COc1ccc2nc(Sc3ccc(NC(=O)c4cc(Cl)cc(Cl)c4O)cc3)sc2c1
Cathepsin D	0.7	Homo sapiens	COc1cc(Br)c(C(=O)N[C@@H](Cc2cccc(Oc3ccccc3)c2)[C@@H](O)CN(CCc2ccc(Cl)cc2Cl)C(=O)CCN2C(=O)c3ccccc3C2=O)cc1OC
Cathepsin D	2200.0	Homo sapiens	CCOc1ccc2nc(Sc3ccc(NC(=O)c4cc(Cl)ccc4NS(=O)(=O)c4cccc(C(=O)O)c4)cc3)sc2c1
Cathepsin D	1100.0	Homo sapiens	O=C(Nc1ccc(Sc2nc3ccccc3s2)c(C(F)(F)F)c1)c1cc(Cl)cc(Cl)c1O
Cathepsin D	29540.0	Homo sapiens	CC1(C)Cc2ccc(-c3cccnc3F)cc2C2(COC(N)=N2)C1
Cathepsin D	8096.0	Homo sapiens	CC1(C)Cc2ccc(-c3cncc(Cl)c3)cc2C2(CSC(N)=N2)C1
Cathepsin D	1224.0	Homo sapiens	CCN1C(=O)C2(CC(C)(C)Oc3ccc(-c4cccc(Cl)c4)cc32)N=C1N
Cathepsin D	3072.0	Homo sapiens	CN1C(=O)C2(CC(C)(C)Sc3ccc(-c4cncnc4)cc32)N=C1N
Cathepsin D	180420.0	Homo sapiens	Cc1ccc(C(=O)Nc2ccc3c(c2)C2(CC(C)(C)O3)N=C(N)N(C)C2=O)o1
Cathepsin D	8611.0	Homo sapiens	CN1C(=O)C2(CC(C)(C)Oc3ccc(-c4cccnc4)cc32)N=C1N
Cathepsin D	2292.0	Homo sapiens	CN1C(=O)C2(CC(C)(C)Oc3ccc(-c4cccc(F)c4)cc32)N=C1N
Cathepsin D	7100.0	Homo sapiens	Cc1cccc(Cc2cc(C[C@@H]3CS(=O)(=O)C[C@H](NCc4cccc(C(C)C)c4)[C@H]3O)ccc2O)c1
Cathepsin D	50.0	Homo sapiens	C#CC[C@H](NC(=O)C[C@H](O)[C@H](Cc1ccccc1)NC(=O)[C@@H](NC(=O)c1ccccn1)C(C)C)C(=O)N[C@@H](CC(C)C)C(N)=O
Cathepsin D	340.0	Homo sapiens	CCCc1c(OCc2ccc(/C=C3\SC(=S)NC3=O)cc2)ccc(C(=O)c2ccccc2)c1O
Cathepsin D	69000.0	Homo sapiens	C[C@]12CCOC[C@@H]1[C@]1(COC(N)=N1)c1cc(-c3cccc(C#N)c3)ccc1O2
Cathepsin D	24000.0	Homo sapiens	CN1C(=O)[C@]2(N=C1N)c1cc(Br)ccc1O[C@H]1CCOC[C@@H]12
Cathepsin D	760.0	Homo sapiens	COc1cccc(C(C)(C)NC[C@@H](O)[C@H](Cc2ccccc2)NC(=O)c2cc(C(=O)NCC3CC3)cc(N3CCCCC3)c2)c1
Cathepsin D	2250.0	Homo sapiens	COc1cccc(C(C)(C)NC[C@@H](O)[C@H](Cc2ccccc2)NC(=O)c2cc(C(=O)NCCCO)cc(N3CCCCC3)c2)c1
Cathepsin D	4800.0	Homo sapiens	COc1cccc(C(C)(C)NC[C@@H](O)[C@H](Cc2ccccc2)NC(=O)c2cc(C(=O)NCCN(C)C)cc(N3CCCCC3)c2)c1
Cathepsin D	560.0	Homo sapiens	CCCN(CCC)C(=O)c1cc(C#N)cc(C(=O)N[C@@H](Cc2ccccc2)[C@H](O)CNC(C)(C)c2cccc(OC)c2)c1
Cathepsin D	7500.0	Homo sapiens	CC(=O)N[C@H](C(=O)N[C@@H](Cc1ccccc1)[C@@H](O)CN(CC1CCCCC1)NC(=O)[C@@H](NC(C)=O)C(C)C)C(C)C
Cathepsin D	24900.0	Homo sapiens	COc1ccc(Cc2cccc(C3(c4ccccc4)N=C(N)N4CCCN=C43)c2)cc1
Cathepsin D	1500.0	Homo sapiens	COc1cc(CC(=O)NC(=N)NCc2ccc(Cl)cc2)c([N+](=O)[O-])cc1OC
Cathepsin D	21440.0	Homo sapiens	CN1C(=O)C(c2cccc(-c3cccnc3)c2)(c2ccc3c(c2)OCO3)N=C1N
Cathepsin D	20000.1	Homo sapiens	COc1cccc(CNC[C@@H](O)[C@H](Cc2ccccc2)NC(=O)CCS(=O)(=O)N2CCCCC2)c1
Cathepsin D	20000.1	Homo sapiens	COc1cccc(CNC[C@@H](O)[C@H](Cc2ccccc2)NC(=O)CCCS(=O)(=O)N2CCCCC2)c1
Cathepsin D	404.0	Homo sapiens	CN1C(=O)C2(CC(C)(C)Sc3ccc(-c4cncc(Cl)c4)cc32)N=C1N
Cathepsin D	477.0	Homo sapiens	CN1C(=O)C2(CC(C)(C)Sc3ccc(-c4cc(F)cc(Cl)c4)cc32)N=C1N
Cathepsin D	798.0	Homo sapiens	CN1C(=O)C2(CC(C)(C)Oc3ccc(-c4cccc(C(F)(F)F)c4)cc32)N=C1N
Cathepsin D	27280.0	Homo sapiens	CN1C(=O)C(c2ccccc2)(C23CC4CC(CC(C4)C2)C3)N=C1N
Cathepsin D	28500.0	Homo sapiens	O=C(Cn1c(-c2ccccn2)nc2ccccc21)c1ccc(O)c(O)c1
Cathepsin D	17800.0	Homo sapiens	O=C(Cn1c(-c2ccccn2)nc2ccccc21)c1ccc([N+](=O)[O-])cc1
Cathepsin D	2100.0	Homo sapiens	CC(C)c1cccc(CN[C@H]2CS(=O)(=O)C[C@@H](Cc3ccc(O)c(CO)c3)[C@@H]2O)c1
Cathepsin D	0.5	Homo sapiens	Cc1ccc2c(NNC(=O)c3ccccc3O)c3ccccc3nc2c1C
Cathepsin D	93000.0	Homo sapiens	Nc1cccc(-c2cc(-c3ccccc3)cc3nc(N)n(CC4CCCO4)c(=O)c23)c1
Cathepsin D	430.0	Homo sapiens	CCCCCCCCc1cc(CCC(=O)O)c2c(=O)n(CC3CCCO3)c(N)nc2c1
Cathepsin D	6280.0	Homo sapiens	COc1ccc(C2(c3cccc(-c4cccnc4)c3)N=C(N)N(C)C2=O)cc1Cl
Cathepsin D	59.0	Homo sapiens	COc1ccc(CC(=O)NC(=N)N[C@H](CC2CCCCC2)C(=O)Nc2cc(S(=O)(=O)NC(C)C)ccc2C)cc1OC.O=C(O)C(F)(F)F
Cathepsin D	204.0	Homo sapiens	CNS(=O)(=O)c1ccc(C)c(NC(=O)[C@@H](Cc2ccccc2)NC(=N)NC(=O)Cc2ccc(OC)c(OC)c2)c1.O=C(O)C(F)(F)F
Cathepsin D	18.0	Homo sapiens	CNS(=O)(=O)c1ccc(C)c(NC(=O)[C@@H](CC2CCCCC2)NC(=N)NC(=O)Cc2cc(Cl)cc(C(F)(F)F)c2)c1.O=C(O)C(F)(F)F
Cathepsin D	122.0	Homo sapiens	COc1ccc(CC(=O)NC(=N)N[C@H](Cc2cccs2)C(=O)Nc2cc(S(N)(=O)=O)ccc2C)cc1OC.O=C(O)C(F)(F)F
Cathepsin D	106.0	Homo sapiens	COc1ccc(CC(=O)NC(=N)N[C@@H](C(=O)Nc2cc(S(N)(=O)=O)ccc2C)C2CC2)cc1OC.O=C(O)C(F)(F)F
Cathepsin D	431.0	Homo sapiens	COc1ccc(CC(=O)NC(=N)N[C@@H](C(=O)Nc2cc(S(N)(=O)=O)ccc2C)C(C)C)cc1OC.O=C(O)C(F)(F)F
Cathepsin D	2700.0	Homo sapiens	CN1C(=O)[C@]2(N=C1N)c1cc(-c3cccc(C#N)c3)ccc1O[C@H]1CCOC[C@@H]12
Cathepsin D	200000.1	Homo sapiens	C[C@@]12COCC[C@H]1Oc1ccc(-c3cccnc3F)cc1[C@@]21COC(N)=N1
Cathepsin D	14000.0	Homo sapiens	Cl.N#Cc1ccc([C@]23CN(c4ncc(F)cn4)C[C@H]2CSC(N)=N3)s1
Cathepsin D	110.0	Homo sapiens	COc1ccc(CN[C@@H](C(=O)N[C@H](C(=O)NCc2ccccc2)C(C)C)[C@H](O)[C@H](Cc2ccccc2)NC(=O)[C@@H](NC(=O)OCc2ccccc2)C(C)C)cc1
Cathepsin D	1800.0	Homo sapiens	CC(C)[C@H](NC(=O)[C@H](NCc1ccc(Cl)cc1)[C@H](O)[C@H](Cc1ccccc1)NC(=O)[C@@H](NC(=O)OCc1ccccc1)C(C)(C)C)C(=O)NCc1nc2ccccc2[nH]1
Cathepsin D	1500.0	Homo sapiens	CCOc1ccc2nc(Sc3ccc(NS(=O)(=O)c4cc(Cl)cc(Cl)c4O)cc3)sc2c1
Cathepsin D	10000.1	Homo sapiens	CCOc1ccc2nc(Sc3ccc(NC(=O)c4cccc(C)c4O)cc3)sc2c1
Cathepsin D	170.0	Homo sapiens	COc1ccc(CC(=O)NC(=N)N[C@H](CC2CCCCC2)C(=O)NCc2ccc(F)c(F)c2)cc1OC
Cathepsin D	280.0	Homo sapiens	COc1ccc(CC(=O)NC(=N)N[C@H](CC(C)C)C(=O)NCc2cccc(-c3nnn[nH]3)c2F)cc1OC
Cathepsin D	440.0	Homo sapiens	COc1cc(CC(=O)NC(=N)NCc2ccc(Cl)c(Cl)c2)c([N+](=O)[O-])cc1OC
Cathepsin D	8200.0	Homo sapiens	CCN(C(C)C)S(=O)(=O)CC[C@@H]1O[C@@H]1[C@H](Cc1ccccc1)NC(=O)[C@@H](NC(=O)c1ccc2ccccc2n1)C(C)(C)S(C)(=O)=O
Cathepsin D	258.0	Homo sapiens	CNS(=O)(=O)c1ccc(C)c(NC(=O)[C@@H](CC(C)C)NC(=N)NC(=O)Cc2ccc(OC)c(OC)c2)c1.O=C(O)C(F)(F)F
Cathepsin D	100.0	Homo sapiens	COCCN(CCOC)C(=O)c1cc(C(=O)N[C@@H](Cc2ccccc2)[C@H](O)CNC(C)(C)c2cccc(OC)c2)cc(N2CCCCC2)c1
Cathepsin D	1420.0	Homo sapiens	COc1cccc(C(C)(C)NC[C@@H](O)[C@H](Cc2ccccc2)NC(=O)c2cc(C(=O)NCCO)cc(N3CCCCC3)c2)c1
Cathepsin D	15320.0	Homo sapiens	COc1ccc(C2(C34CC5CC(CC(C5)C3)C4)N=C(N)N(C)C2=O)cc1
Cathepsin D	13140.0	Homo sapiens	COc1ccc([C@@]2(C34CC5CC(CC(C5)C3)C4)N=C(N)N(C)C2=O)cc1C
Cathepsin D	9790.0	Homo sapiens	O=P([O-])(O)OC1C=C(c2ccccc2F)Nc2cc3c(cc21)OCO3.[Na+]
Cathepsin D	540.0	Homo sapiens	CCCCNC(=O)C[C@H](O)[C@H](CC(C)C)NC(=O)[C@@H](NC(=O)c1ccc(Oc2ccc(C(=O)N[C@@H](C)C(=O)NCCCNc3ccnc4cc(Cl)ccc34)cc2)cc1)[C@@H](C)CC
Cathepsin D	9.0	Homo sapiens	COc1ccc(CC(=O)NC(=N)N[C@@H](C(=O)Nc2cc(S(N)(=O)=O)ccc2C)C2CCCCC2)cc1OC.O=C(O)C(F)(F)F
Cathepsin D	243.0	Homo sapiens	COC[C@@H](NC(=N)NC(=O)Cc1ccc(OC)c(OC)c1)C(=O)Nc1cc(S(N)(=O)=O)ccc1C.O=C(O)C(F)(F)F
Cathepsin D	529.0	Homo sapiens	COCC[C@@H](NC(=N)NC(=O)Cc1ccc(OC)c(OC)c1)C(=O)Nc1cc(S(N)(=O)=O)ccc1C.O=C(O)C(F)(F)F
Cathepsin D	10000.1	Homo sapiens	COc1ccc(CN[C@@H](C(=O)NC2c3ccccc3C[C@H]2O)[C@H](O)[C@H](Cc2ccccc2)NC(=O)[C@@H](NC(=O)OCc2ccccc2)C(C)C)cc1
Cathepsin D	20000.1	Homo sapiens	COc1cccc(CNC[C@@H](O)[C@H](Cc2ccccc2)NC(=O)CCCS(=O)(=O)C2CCCCC2)c1
Cathepsin D	100000.1	Homo sapiens	CC(=O)N[C@@H](CCCNC(=N)N)C(=O)N[C@@H](C)C(=O)N[C@@H](CC(C)C)[C@@H](O)CC(=O)N[C@@H](CCC(N)=O)C(N)=O
Cathepsin D	320.0	Homo sapiens	COc1ccc(CC(=O)NC(=N)N[C@H](Cc2ccccc2)C(=O)NCCN2C(=O)c3ccccc3C2=O)cc1OC
Cathepsin D	10000.1	Homo sapiens	COCCCOc1cc(C[C@@H](C[C@H](N)[C@@H](O)C[C@H](C(=O)NCC(C)(C)C(N)=O)C(C)C)C(C)C)ccc1OC.Cl
Cathepsin D	840.0	Homo sapiens	CN1C(=O)[C@]2(N=C1N)c1cc(-c3cccnc3F)ccc1O[C@H]1CCOC[C@@H]12
Cathepsin D	31900.0	Homo sapiens	O=C(Cn1c(-c2ccccn2)nc2ccccc21)c1ccc(F)cc1
Cathepsin D	30.0	Homo sapiens	COc1ccc(CC(=O)NC(=N)N[C@H](CC2CCCCC2)C(=O)Nc2cc(S(=O)(=O)NC3CC3)ccc2C)cc1OC.O=C(O)C(F)(F)F
Cathepsin D	300.0	Homo sapiens	COc1cccc(-c2ccc3c(c2)[C@@]2(CC(C)(C)O3)N=C(N)N(C)C2=O)c1
Cathepsin D	0.0783	Homo sapiens	COC(=O)[C@@H]1CCCN1C(=O)[C@@H](Cc1ccccc1)N(C)C(=O)[C@H](C)NC(=O)[C@H](CC(C)C)NC(=O)C[C@H](O)[C@H](Cc1ccccc1)NC(=O)[C@H](CCC(N)=O)N(C)C(=O)[C@@H](NC(=O)OCc1ccccc1)C(C)C
Cathepsin D	4.89	Homo sapiens	CC(C)C[C@H](NC(=O)C[C@H](O)[C@H](Cc1ccccc1)NC(=O)[C@H](CCC(N)=O)N(C)C(=O)[C@@H](NC(=O)OCc1ccccc1)C(C)C)C(=O)N[C@@H](C)C(=O)N(C)[C@H](Cc1ccccc1)C(=O)N1CCC[C@H]1C(=O)O
Cathepsin D	100.0	Homo sapiens	CC[C@H](C)[C@H](NC(=O)C[C@H](O)[C@H](CC(C)C)NC(=O)[C@H](CCC(N)=O)N(C)C(=O)[C@H](CC(C)C)NC(=O)[C@H](C)O)C(=O)N[C@@H](C)C(=O)N(C)[C@H](Cc1ccccc1)C(=O)N1CCC[C@H]1C(=O)OC
Cathepsin D	1800.0	Homo sapiens	CCCc1cc(C[C@@H]2CS(=O)(=O)C[C@H](NCc3cccc(C(C)C)c3)[C@H]2O)ccc1O
Cathepsin D	120.0	Homo sapiens	COc1ccc(CNC(=O)[C@@H](CC2CCCCC2)NC(=N)NC(=O)Cc2ccc(OC)c(OC)c2)cc1OC
Cathepsin D	1500.0	Homo sapiens	CSCC[C@H](NC(=O)[C@H](CC(C)C)NC(C)=O)C(=O)N[C@@H](CC(C)C)[C@@H](O)[C@@H]1CC(=O)C[C@H]1C(=O)N[C@@H](C)C(=O)O
Cathepsin D	170.0	Homo sapiens	COc1cc(CNC(=O)[C@@H](CC2CCCCC2)NC(=N)NC(=O)Cc2ccc(OC)c(OC)c2)ccc1F
Cathepsin D	1300.0	Homo sapiens	Cc1cc(Sc2nc3ccccc3s2)ccc1NC(=O)c1cc(Cl)cc(Cl)c1O
Cathepsin D	96000.0	Homo sapiens	NC1=N[C@@]2(CS1)c1cc(-c3cccnc3F)ccc1O[C@@H]1CCOC[C@H]12
Cathepsin D	810.0	Homo sapiens	CN1C(=O)[C@]2(N=C1N)c1cc(-c3cccnc3F)ccc1C[C@H]1CCOC[C@@H]12
Cathepsin D	8.6	Homo sapiens	COc1cc(CNC(=O)[C@@H](CC2CCCCC2)NC(=N)NC(=O)Cc2cc(OC)c(OC)cc2Br)ccc1F
Cathepsin D	44.0	Homo sapiens	COc1ccc(CC(=O)NC(=N)N[C@H](CC2CCCCC2)C(=O)NCc2ccc(-c3nnn[nH]3)cc2)cc1OC
Cathepsin D	1665.0	Homo sapiens	CN1C(=O)C2(CC(C)(C)Cc3ccc(-c4cncc(Cl)c4)cc32)N=C1N
Cathepsin D	624.0	Homo sapiens	CN1C(=O)C2(CC(C)(C)Cc3ccc(-c4cc(F)cc(Cl)c4)cc32)N=C1N
Cathepsin D	2069.0	Homo sapiens	CN1C(=O)C2(CC(C)(C)Oc3ccc(-c4cncc(C(F)(F)F)c4)cc32)N=C1N
Cathepsin D	40000.1	Homo sapiens	CC(C)CC(SC1CCCC1)c1c(O)cc(-c2ccccc2)oc1=O
Cathepsin D	9210.0	Homo sapiens	COc1ccc([C@]2(C34CC5CC(CC(C5)C3)C4)N=C(N)N(C)C2=O)cc1C
Cathepsin D	52500.0	Homo sapiens	NC1=NC(c2ccccc2)(c2cccc(Cc3ccccc3)c2)C2=NCCCN12
Cathepsin D	100000.1	Homo sapiens	CN1C(=O)C(c2ccccc2)(c2ccccc2)N=C1N
Cathepsin D	5000.1	Homo sapiens	C[C@H](C[C@H](O)[C@H](COCc1cc(F)cc(F)c1)NC(=O)c1cc(C(=O)N[C@H](C)c2ccccc2)cc(N(C)S(C)(=O)=O)c1)C(=O)NC1CC1
Cathepsin D	100000.1	Homo sapiens	CC(=O)c1c(Nc2ccc(Br)cc2)[nH]c2c(Br)ccc(Br)c2c1=O
Cathepsin D	100000.1	Homo sapiens	CC(=O)c1c(Nc2ccc(Cl)cc2)[nH]c2c(Br)ccc(Cl)c2c1=O
Cathepsin D	100000.1	Homo sapiens	O=C(N[C@@H](Cc1ccccc1)C(=O)N[C@@H](Cc1ccccc1)C(=O)CF)OCc1ccccc1
Cathepsin D	5000.0	Homo sapiens	COC(=O)[C@@H]1CCCN1C(=O)[C@@H](Cc1ccccc1)N(C)C(=O)[C@H](C)NC(=O)[C@@H](NC(=O)C[C@H](O)[C@H](CC(C)C)NC(=O)[C@H](CC(N)=O)NC(=O)[C@H](CC(C)C)NC(=O)[C@H](OC(=O)[C@@H](OC(=O)[C@H](C(C)C)N(C)C)C(C)C)C(C)C)[C@@H](C)O
Cathepsin D	400.0	Homo sapiens	CCCCCCCCc1ccc(-c2ccc3c(=O)n(C[C@@H]4CC[C@H](c5ccccc5)O4)c(N)nc3c2)cc1
Cathepsin D	100000.1	Homo sapiens	CC(=O)c1c(Nc2ccc(C)cc2Cl)[nH]c2c([N+](=O)[O-])cc(Cl)cc2c1=O
Cathepsin D	17100.0	Homo sapiens	Cc1ccoc1C(=O)Nc1cccc(C2(C3CCCCC3)N=C(N)N(C)C2=O)c1
Cathepsin D	50000.1	Homo sapiens	[2H]C([2H])(OC(=O)N[C@@H](CC(C)C)C(=O)N[C@H](C=O)C[C@@H]1CCNC1=O)C(C)(C)Sc1ccccc1
Cathepsin D	100000.1	Homo sapiens	COc1ccc2cc(-c3cn(C[C@@H]4Cc5c([nH]c6ccccc56)CN4)nn3)ccc2c1
Cathepsin D	593.0	Homo sapiens	C[C@H]1C[C@@H](N2C(=N)N[C@](C)(c3cccc(-c4ccc(OC(F)F)nc4)c3Cl)CC2=O)CCS1(=O)=O
Cathepsin D	3889.0	Homo sapiens	C[C@H]1C[C@@H](N2C(=N)N[C@](C)(c3cccc(NC(=O)c4cccc(C#N)c4)c3Cl)CC2=O)CCO1
Cathepsin D	20362.0	Homo sapiens	CCCCCc1ccc(C(=O)N(Cc2ccc(-c3ccc(CC(=O)OC)cc3)cc2)C2CCN(Cc3ncc[nH]3)CC2)cc1
Cathepsin D	1300000.1	Homo sapiens	N=C(N)c1ccc(NC(=O)Nc2ccc(Oc3ccccc3)cc2)cc1
Cathepsin D	45.0	Homo sapiens	CCOC[C@@H](NC(=N)NC(=O)Cc1ccc(OC)c(OC)c1)C(=O)Nc1cc(S(N)(=O)=O)ccc1C
Cathepsin D	31000.1	Homo sapiens	CC(C)(C)OC(=O)N[C@@H](Cc1ccccc1)[C@H](O)CNC[C@@H](O)[C@H](Cc1ccccc1)NC(=O)OC(C)(C)C
Cathepsin D	73000.0	Homo sapiens	C[C@@]1(c2cccc(NC(=O)c3ccc(Br)cn3)c2)CO[C@@](C)(C(F)(F)F)C(N)=N1
Cathepsin D	139000.0	Homo sapiens	C[C@]1(C(F)(F)F)OC[C@@](C)(c2cccc(NC(=O)c3ccc(Br)cn3)c2)N=C1N
Cathepsin D	12500.0	Homo sapiens	COc1ccc(C2(c3cccc(-c4cccnc4)c3)N=C(N)N(C)C2=O)cc1C
Cathepsin D	100000.1	Homo sapiens	NC1CCN(C(=O)C[C@@H](Cc2ccccc2)C(=O)N[C@@H](Cc2c[nH]cn2)C(=O)N[C@@H](CC2CCCCC2)[C@@H](O)[C@@H](O)CCc2ccccn2)CC1
Cathepsin D	32.3	Homo sapiens	C[C@H]1C[C@@H](N2C(=N)N[C@](C)(c3cccc(-c4cncc(Cl)c4)c3Cl)CC2=O)CCO1
Cathepsin D	2245.0	Homo sapiens	C[C@H]1C[C@@H](N2C(=N)N[C@](C)(c3cccc(-c4ccccc4Cl)c3Cl)CC2=O)CCO1
Cathepsin D	226.0	Homo sapiens	C[C@@]1(c2cccc(-c3cccc(Cl)c3)c2Cl)CC(=O)N([C@H]2CCOC[C@@H]2O)C(=N)N1
Cathepsin D	59798.0	Homo sapiens	CC1(C)Cc2ccc(-c3cncnc3)cc2C2(COC(N)=N2)C1
Cathepsin D	9034.0	Homo sapiens	CN1C(=O)C2(CC(C)(C)C(=O)c3ccc(-c4cncnc4)cc32)N=C1N
Cathepsin D	39200.0	Homo sapiens	O=C(Cn1c(-c2ccccn2)nc2ccccc21)c1ccccc1
Cathepsin D	14200.0	Homo sapiens	COc1ccc(C(=O)Cn2c(-c3ccccn3)nc3ccccc32)cc1
Cathepsin D	21200.0	Homo sapiens	COc1ccc(OC)c(C(=O)Cn2c(-c3ccccn3)nc3ccccc32)c1
Cathepsin D	220.0	Homo sapiens	CCCCNC(=O)C[C@H](O)[C@H](CC(C)C)NC(=O)[C@@H](NC(=O)c1ccc(Oc2ccc(C(=O)NCCCNc3ccnc4cc(Cl)ccc34)cc2)cc1)[C@@H](C)CC
Cathepsin D	63400.0	Homo sapiens	CCOc1ccc(C2(c3cccc(-c4cccnc4F)c3)N=C(N)N3CCCN=C32)cc1OCC
Cathepsin D	16440.0	Homo sapiens	NC1=NC(c2ccc(OC(F)(F)F)cc2)(c2cccc(CCC3CC3)c2)C2=NCCCN12
Cathepsin D	47400.0	Homo sapiens	NC1=NC(c2ccc(OC(F)(F)F)cc2)(c2cccc(Br)c2)C2=NCCCN12
Cathepsin D	6300.0	Homo sapiens	CN1C(=O)[C@]2(N=C1N)c1cc(-c3cncc(C#N)c3)ccc1O[C@H]1CCOC[C@@H]12
Cathepsin D	44500.0	Homo sapiens	O=C(Cn1c(-c2ccccn2)nc2ccccc21)c1ccc(F)cc1F
Cathepsin D	5200.0	Homo sapiens	CCCCCc1ccc(C(=O)N(Cc2ccc(-c3ccc(OC)c(OC)c3)cc2)C2CCN(CCC(C)C)CC2)cc1
Cathepsin D	5166.0	Homo sapiens	CN1C(=O)[C@]2(CC(C)(C)Cc3ccc(-c4cncnc4)cc32)N=C1N
Cathepsin D	98.0	Homo sapiens	CC(C)C[C@H](NC(=O)[C@H](CC(N)=O)NC(=O)[C@@H](NC(=O)[C@@H](N)CCC(=O)O)C(C)C)[C@@H](O)C[C@@H](C)C(=O)N[C@@H](C)C(=O)O
Cathepsin D	9.9	Homo sapiens	CCCCNC(=O)[C@H](C)NC(=O)[C@@H]1CCC[C@H]1[C@H](O)[C@H](CC(C)C)NC(=O)[C@H](CCSC)NC(=O)[C@H](CC(C)C)NC(C)=O
Cathepsin D	120000.0	Homo sapiens	NC1=N[C@@]2(CO1)c1cc(-c3cncc(Cl)c3)ccc1O[C@@H]1CCOC[C@H]12
Cathepsin D	47000.0	Homo sapiens	C[C@H]1OCC[C@H]2Oc3ccc(-c4cccnc4F)cc3[C@@]3(CSC(N)=N3)[C@H]12
Cathepsin D	14000.0	Homo sapiens	CN1C(=O)[C@@]2(N=C1N)c1cc(-c3cccnc3F)ccc1O[C@@H]1CCOC[C@H]12
Cathepsin D	940.0	Homo sapiens	CN1C(=O)[C@]2(N=C1N)c1cc(-c3cccnc3F)c(F)cc1O[C@H]1CCOC[C@@H]12
Cathepsin D	30000.1	Homo sapiens	COCCCCC1(CNC(=O)[C@@H]2CNC[C@H](NS(=O)(=O)c3ccc(C)cc3)C2)c2ccccc2Oc2ccccc21
Cathepsin D	11700.0	Homo sapiens	CCCN(CCC)S(=O)(=O)CCCC(=O)N[C@@H](Cc1ccccc1)[C@H](O)CNCc1cccc(OC)c1
Cathepsin D	6946.0	Homo sapiens	COc1cccc(CNC[C@@H](O)[C@H](Cc2ccccc2)NC(=O)CCS(=O)(=O)C2CCCCC2)c1
Cathepsin D	10700.0	Homo sapiens	NC1=NC(c2ccc(OC(F)(F)F)cc2)(c2cccc(-c3cccnc3F)c2)C2=NCCN12
Cathepsin D	420.0	Homo sapiens	CC(C)(C)c1cccc(CN[C@H]2CS(=O)(=O)C[C@@H](Cc3ccc(O)c(Br)c3)[C@@H]2O)c1
Cathepsin D	180000.0	Homo sapiens	C[C@@]1(c2cc(NC(=O)c3ncc(Br)cn3)ccc2F)CO[C@@](C)(C(F)(F)F)C(N)=N1
Cathepsin D	30000.0	Homo sapiens	C[C@@]1(c2cc(NC(=O)c3ncc(C#N)cc3N)ccc2F)CO[C@@](C)(C(F)(F)F)C(N)=N1
Cathepsin D	100000.1	Homo sapiens	CC(=O)c1c(Nc2ccc(Cl)cc2)[nH]c2c(Cl)cc([N+](=O)[O-])cc2c1=O
Cathepsin D	1870.0	Homo sapiens	COc1ccc(C2(c3cccc(-c4cccnc4)c3)N=C(N)N(C)C2=O)cc1C1CCCC1
Cathepsin D	2330.0	Homo sapiens	CN1C(=O)[C@@](c2ccc(OC(F)(F)F)cc2)(c2ccc(F)c(-c3cncnc3)c2)N=C1N
Cathepsin D	4180.0	Homo sapiens	CN1C(=O)C(c2ccc(OC(F)(F)F)cc2)(c2ccc(F)c(-c3cncnc3)c2)N=C1N
Cathepsin D	1894.0	Homo sapiens	CN1C(=O)C2(CC(C)(C)Cc3ccc(-c4cccc(C#N)c4)cc32)N=C1N
Cathepsin D	1030.0	Homo sapiens	CN1C(=O)C2(CC(C)(C)Oc3ccc(-c4cc(F)cc(Cl)c4)cc32)N=C1N
Cathepsin D	683.0	Homo sapiens	COc1cc(F)cc(-c2ccc3c(c2)C2(CC(C)(C)O3)N=C(N)N(C)C2=O)c1
Cathepsin D	7300.0	Homo sapiens	COc1ccc(C2(c3cccc(-c4cccnc4)c3)N=C(N)N(C)C2=O)cc1C#N
Cathepsin D	900.0	Homo sapiens	CC[C@H](C)[C@H](NC(=O)C[C@H](O)[C@H](CC(C)C)NC(=O)[C@H](CCC(N)=O)N(C)C(=O)[C@H](CC(C)C)NC(=O)[C@H](C)O)C(=O)NCC(=O)N(C)[C@H](Cc1ccccc1)C(=O)N1CCC[C@H]1C(=O)OC
Cathepsin D	700.0	Homo sapiens	CCOc1ccc2nc(Sc3ccc(NC(=O)c4cc(Cl)ccc4OS(=O)(=O)c4cc(Cl)cc(Cl)c4O)cc3)sc2c1
Cathepsin D	50000.1	Homo sapiens	CC(C)C[C@H](NC(=O)OCC(C)(C)Sc1ccccc1)C(=O)N[C@@H](C[C@@H]1CCNC1=O)C(=O)C(=O)NC1CC1
Cathepsin D	60.0	Homo sapiens	CC(C)[C@H](NC(=O)[C@H](NCc1ccccc1)[C@H](O)[C@H](Cc1ccccc1)NC(=O)[C@@H](NC(=O)OCc1ccccc1)C(C)(C)C)C(=O)NCc1ccccc1
Cathepsin D	1900.0	Homo sapiens	CC(C)c1cccc(CN[C@H]2CS(=O)(=O)C[C@@H](Cc3ccccc3)[C@@H]2O)c1
Cathepsin D	2300.0	Homo sapiens	CC(C)c1cccc(CN[C@H]2CS(=O)(=O)C[C@@H](Cc3cccc(Br)c3)[C@@H]2O)c1
Cathepsin D	2000.0	Homo sapiens	CCCOc1cccc(C[C@@H]2CS(=O)(=O)C[C@H](NCc3cccc(C(C)C)c3)[C@H]2O)c1
Cathepsin D	1700.0	Homo sapiens	CC(C)c1cccc(CN[C@H]2CS(=O)(=O)C[C@@H](Cc3ccc(O)c(CCO)c3)[C@@H]2O)c1
Cathepsin D	8400.0	Homo sapiens	CCCCOc1ccc(C2(C34CC5CC(CC(C5)C3)C4)N=C(N)N(C)C2=O)cc1
Cathepsin D	10900.0	Homo sapiens	CN1C(=O)C(c2cccc(-c3cccnc3)c2)(c2ccc3c(c2)OCCO3)N=C1N
Cathepsin D	11300.0	Homo sapiens	NC1=NC(c2ccc(OC(F)(F)F)cc2)(c2cccc(-c3cccnc3F)c2)/C2=N/CCCCCN12
Cathepsin D	60.0	Homo sapiens	CCCCNC(=O)[C@@H]1CCC[C@H]1[C@H](O)[C@H](CC(C)C)NC(=O)[C@H](CCSC)NC(=O)[C@H](CC(C)C)NC(C)=O
Cathepsin D	11570.0	Homo sapiens	CN1C(=O)[C@](c2ccc(OC(F)(F)F)cc2)(c2ccc(F)c(-c3cncnc3)c2)N=C1N
Cathepsin D	1500.0	Homo sapiens	CCOc1ccc2nc(Sc3ccc(NC(=O)c4cc(Cl)cc(Cl)c4NC(=O)c4cc(Cl)cc(Cl)c4O)cc3)sc2c1
Cathepsin D	9200.0	Homo sapiens	NC1=NC(c2ccccc2)(c2cccc(Cc3ccc(F)cc3)c2)C2=NCCCN12
Cathepsin D	53.0	Homo sapiens	COc1ccc(CCC(=O)NC(=N)N[C@H](CC2CCCCC2)C(=O)Nc2cc(S(=O)(=O)N(C)C)ccc2C)cc1OC.O=C(O)C(F)(F)F
Cathepsin D	225.0	Homo sapiens	COc1ccc(CC(=O)NC(=N)N[C@H](Cc2ccccc2F)C(=O)Nc2cc(S(N)(=O)=O)ccc2C)cc1OC.O=C(O)C(F)(F)F
Cathepsin D	2593.0	Homo sapiens	COc1ccc(CC(=O)NC(=N)N[C@H](CN2CCOCC2)C(=O)Nc2cc(S(N)(=O)=O)ccc2C)cc1OC.O=C(O)C(F)(F)F
Cathepsin D	212.0	Homo sapiens	COc1ccc(CC(=O)NC(=N)N[C@@H](C(=O)Nc2cc(S(N)(=O)=O)ccc2C)C(C)(C)C)cc1OC.O=C(O)C(F)(F)F
Cathepsin D	8.0	Homo sapiens	CCCC[C@@H](NC(=N)NC(=O)Cc1ccc(OC)c(OC)c1)C(=O)Nc1cc(S(N)(=O)=O)ccc1C.O=C(O)C(F)(F)F
Cathepsin D	2500.0	Homo sapiens	O=C(Nc1ccc(Sc2nc3ccccc3s2)nc1)c1cc(Cl)cc(Cl)c1O
Cathepsin D	2000.0	Homo sapiens	Cc1cc(NC(=O)c2cc(Cl)cc(Cl)c2O)ccc1Sc1nc2ccccc2s1
Cathepsin D	2190.0	Homo sapiens	COc1ccc(C2(c3ccc(C#N)c(-c4cccnc4)c3)N=C(N)N(C)C2=O)cc1C
Cathepsin D	15400.0	Homo sapiens	NC1=NC(c2cccc(-c3cccnc3F)c2)(c2ccc3c(c2)OCO3)C2=NCCCN12
Cathepsin D	16500.0	Homo sapiens	COc1ccc(C2(c3cccc(-c4cccnc4F)c3)N=C(N)N3CCCN=C32)cc1
Cathepsin D	6220.0	Homo sapiens	CN1C(=O)C(c2ccc(OC(F)(F)F)cc2)(C23CC4CC(CC(C4)C2)C3)N=C1N
Cathepsin D	120.0	Homo sapiens	COc1cccc(C(C)(C)NC[C@@H](O)[C@H](Cc2ccccc2)NC(=O)c2cc(C(=O)N(CCC(F)(F)F)CCC(F)(F)F)cc(N3CCCCC3)c2)c1
Cathepsin D	700.0	Homo sapiens	CCCN(CCC)C(=O)c1cc(C(=O)N[C@@H](Cc2ccccc2)[C@H](O)CNC(C)(C)c2cccc(OC)c2)cc(C(=O)N(CCC)CCC)c1
Cathepsin D	110.0	Homo sapiens	CCCCNC(=O)C[C@H](O)[C@H](CC(C)C)NC(=O)[C@@H](NC(=O)COc1ccc2ccccc2c1)c1ccccc1
Cathepsin D	300000.1	Homo sapiens	NC1=N[C@@]2([C@@H]3C[C@H]3C(=O)Nc3ccc(F)cn3)COC[C@H]2CS1
Cathepsin D	0.178	Homo sapiens	COC(=O)[C@@H]1CCCN1C(=O)[C@@H](Cc1ccc(O)cc1)N(C)C(=O)[C@H](C)NC(=O)[C@H](CC(C)C)NC(=O)C[C@H](O)[C@H](Cc1ccccc1)NC(=O)[C@H](CCC(N)=O)N(C)C(=O)[C@@H](NC(=O)OCc1ccccc1)C(C)C
Cathepsin D	11844.0	Homo sapiens	CC1(C)Cc2ccc(-c3cncc(Cl)c3)cc2C2(COC(N)=N2)C1
Cathepsin D	185.0	Homo sapiens	CN1C(=O)C2(CC(C)(C)Oc3ccc(-c4cc(Cl)cc(Cl)c4)cc32)N=C1N
Cathepsin D	11100.0	Homo sapiens	COc1ccc(C2(C34CC5CC(CC(C5)C3)C4)N=C(N)N(C)C2=O)cc1C
Cathepsin D	56.0	Homo sapiens	CCCCNC(=O)[C@@H](NC(=O)[C@@H]1CC(=O)C[C@H]1[C@H](O)[C@H](CC(C)C)NC(=O)[C@H](CCSC)NC(=O)[C@H](CC(C)C)NC(C)=O)C(C)C
Cathepsin D	1230.0	Homo sapiens	CCCCNC(=O)[C@@H](NC(=O)[C@@H]1CN(C)C[C@H]1[C@H](O)[C@H](CC(C)C)NC(=O)[C@H](CCSC)NC(=O)[C@H](CC(C)C)NC(C)=O)C(C)C
Cathepsin D	300000.1	Homo sapiens	CCCCNC(=O)[C@@H]1C[C@H]1[C@]12COC[C@H]1CSC(N)=N2
Cathepsin D	2500.0	Homo sapiens	O=C(Nc1ccc(Sc2ccc3ccccc3n2)cc1)c1cc(Cl)cc(Cl)c1O
Cathepsin D	83000.0	Homo sapiens	Cl.NC1=N[C@@]2(c3cnccn3)CN(c3ncc(F)cn3)C[C@H]2CS1
Cathepsin D	54000.0	Homo sapiens	CCc1cc([C@]2(c3cccc(-c4cccnc4F)c3)N=C(N)N(C)C2=O)cc(CC)n1
Cathepsin D	20780.0	Homo sapiens	COc1ccc([C@@]2(C34CC5CC(CC(C5)C3)C4)N=C(N)N(C)C2=O)cc1
Cathepsin D	23920.0	Homo sapiens	CN1C(=O)C(c2cccc(-c3cccnc3)c2)(c2ccc3c(c2)CCO3)N=C1N
Cathepsin D	44161.0	Homo sapiens	CC1(C)Cc2ccc(-c3cncc(Cl)c3)cc2C2(CCSC(N)=N2)C1
Cathepsin D	11202.0	Homo sapiens	COc1cccc(CNC[C@@H](O)[C@H](Cc2ccccc2)NC(=O)CCCCS(=O)(=O)c2ccccc2)c1
Cathepsin D	3800.0	Homo sapiens	CCOc1ccc2nc(Sc3ccc(NC(=O)c4cc(Cl)ccc4NC(=O)c4ccccc4C(=O)O)cc3)sc2c1
Cathepsin D	100000.1	Homo sapiens	CC(C)CN(C[C@H](O)[C@@H](N)c1ccccc1)S(=O)(=O)c1ccc(Cl)c(Cl)c1
Cathepsin D	5000.0	Homo sapiens	COc1ccc2sc(Sc3ccc(NC(=O)c4cc(Cl)cc(Cl)c4O)cc3)nc2c1
Cathepsin D	98000.0	Homo sapiens	Nc1nc2cc(-c3ccccc3)cc(-c3cccc(C(=O)O)c3)c2c(=O)n1CC1CCCO1
Cathepsin D	29000.0	Homo sapiens	CCCCCc1ccc(-c2cc(-c3ccc(C(=O)O)cc3)c3c(=O)n(CC4CCCO4)c(N)nc3c2)cc1
Cathepsin D	10000.1	Homo sapiens	CCOc1ccc2nc(Sc3ccc(NC(=O)c4cc(C)cc(C)c4O)cc3)sc2c1
Cathepsin D	100000.1	Homo sapiens	CC(=O)N[C@@H](CCCNC(=N)N)C(=O)N[C@@H](C)C(=O)N[C@@H](CC(C)C)[C@@H](O)CC(=O)NC1CCCCC1.O=C(O)C(F)(F)F
Cathepsin D	100000.1	Homo sapiens	CC(C)C[C@H](NC(=O)[C@H](C)NC(=O)[C@H](CCCNC(=N)N)NC(=O)OCc1ccccc1)[C@@H](O)CC(=O)NC1Cc2ccccc2C1.O=C(O)C(F)(F)F
Cathepsin D	100000.1	Homo sapiens	CC(C)C[C@H](NC(=O)[C@H](C)NC(=O)[C@H](CCCNC(=N)N)NC(=O)c1ccccc1)[C@@H](O)CC(=O)NCCc1ccccc1.O=C(O)C(F)(F)F
Cathepsin D	100000.1	Homo sapiens	CC(C)C[C@H](NC(=O)[C@H](C)NC(=O)[C@H](CCCNC(=N)N)NC(=O)COCc1ccccc1)[C@@H](O)CC(=O)NCCc1ccccc1.O=C(O)C(F)(F)F
Cathepsin D	1300.0	Homo sapiens	O=C(Nc1cc(Cl)c(Sc2nc3ccccc3s2)c(Cl)c1)c1cc(Cl)cc(Cl)c1O
Cathepsin D	200000.1	Homo sapiens	C[C@]12CCOC[C@@H]1[C@]1(COC(N)=N1)c1cc(-c3cncnc3)ccc1O2
Cathepsin D	15000.0	Homo sapiens	NC1=N[C@@]2(CO1)c1cc(-c3cccnc3F)ccc1O[C@H]1CCOC[C@@H]12
Cathepsin D	2300.0	Homo sapiens	CN1C(=O)[C@]2(N=C1N)c1cc(-c3cc(F)cc(Cl)c3)ccc1O[C@H]1CCOC[C@@H]12
Cathepsin D	57000.0	Homo sapiens	NC1=N[C@@]2(CS1)c1cc(-c3cncc(Cl)c3)ccc1O[C@@H]1CCOC[C@H]12
Cathepsin D	3200.0	Homo sapiens	CN1C(=O)[C@]2(N=C1N)c1cc(-c3cncc(Cl)c3)ccc1O[C@H]1CCOC[C@@H]12
Cathepsin D	33000.0	Homo sapiens	CC1(C)CN2C(N)=NC(c3ccc(OC(F)(F)F)cc3)(c3cccc(-c4cccnc4F)c3)C2=N1
Cathepsin D	78700.0	Homo sapiens	NC1=NC(c2ccc(OC(F)(F)F)cc2)(c2cccc(-c3cncnc3)c2)C2=NCCCN12
Cathepsin D	231500.0	Homo sapiens	COc1cc(C(=O)c2c(OCC(=O)Nc3ccccc3)ccc3ccccc23)cc(OC)c1OC
Cathepsin D	1000.0	Homo sapiens	CCCC(=O)NN
Cathepsin D	603.0	Homo sapiens	CN1C(=O)C2(CC(C)(C)Sc3ccc(-c4cccc(C#N)c4)cc32)N=C1N
Cathepsin D	300.0	Homo sapiens	CCCCNC(=O)C[C@H](O)[C@H](CC(C)C)NC(=O)[C@@H](NC(=O)c1ccc(Oc2ccc(C(=O)N[C@@H](CC(C)C)C(=O)N[C@@H](C)C(=O)NCCCNc3ccnc4ccccc34)cc2)cc1)[C@@H](C)CC
Cathepsin D	5500.0	Homo sapiens	CCOc1ccc2nc(Sc3ccc(NC(=O)c4cc(Cl)cc(Cl)c4N)cc3)sc2c1
Cathepsin D	30000.1	Homo sapiens	CCOC[C@@H](CC(C)C)NC(=O)[C@@H]1CNC[C@H](C(=O)N(c2ccc(C(C)C)cn2)C2CC2)[C@@H]1O
Cathepsin D	100000.1	Homo sapiens	CC(C)C[C@H](NC(=O)[C@H](C)NC(=O)[C@H](CCCNC(=N)N)NC(=O)OCc1ccccc1)[C@@H](O)CC(=O)NC1CCCCC1.O=C(O)C(F)(F)F
Cathepsin D	100000.1	Homo sapiens	CC(C)C[C@H](NC(=O)[C@H](C)NC(=O)[C@H](CCCNC(=N)N)NC(=O)OCc1ccccc1)[C@@H](O)CC(=O)NC(C)c1ccccc1.O=C(O)C(F)(F)F
Cathepsin D	100000.1	Homo sapiens	CC(C)C[C@H](NC(=O)[C@H](C)NC(=O)[C@H](CCCNC(=N)N)NC(=O)OCc1ccccc1)[C@@H](O)CC(=O)N(C)CCc1ccc(Cl)cc1.O=C(O)C(F)(F)F
Cathepsin D	4710.0	Homo sapiens	COc1ccc(NC(=O)/C=C/COc2ccc3ccccc3c2C(=O)c2cc(OC)c(OC)c(OC)c2)cc1
Cathepsin D	57000.0	Homo sapiens	CCCCNC(=O)[C@@H]1C[C@H]1[C@]12CN(c3ncccn3)C[C@H]1CSC(N)=N2
Cathepsin D	100000.1	Homo sapiens	CC(C)C[C@H](NC(=O)[C@H](C)NC(=O)[C@H](CCCCN)NC(=O)OCc1ccccc1)[C@@H](O)CC(=O)NC1CCCCC1.Cl
Cathepsin D	40000.1	Homo sapiens	O=c1cc(-c2ccccc2)oc(O)c1C(CC1CC1)SCc1ccccc1
Cathepsin D	220.0	Homo sapiens	COc1cccc(C(C)(C)NC[C@@H](O)[C@H](Cc2ccccc2)NC(=O)c2cc(C(=O)NCc3ccccc3)cc(N3CCCCC3)c2)c1
Cathepsin D	1460.0	Homo sapiens	COc1cccc(C(C)(C)NC[C@@H](O)[C@H](Cc2ccccc2)NC(=O)c2cc(C(=O)NC(C)(C)CO)cc(N3CCCCC3)c2)c1
Cathepsin D	150.0	Homo sapiens	COc1cccc(C(C)(C)NC[C@@H](O)[C@H](Cc2ccccc2)NC(=O)c2cc(C(=O)NCCOC(C)(C)C)cc(N3CCCCC3)c2)c1
Cathepsin D	1000.0	Homo sapiens	CCCN(CCC)C(=O)c1cc(F)cc(C(=O)N[C@@H](Cc2ccccc2)[C@H](O)CNC(C)(C)c2cccc(OC)c2)c1
Cathepsin D	4900.0	Homo sapiens	COc1cccc(C(C)(C)NC[C@@H](O)[C@H](Cc2ccccc2)NC(=O)c2cccc(C(=O)NCCC(F)(F)F)c2)c1
Cathepsin D	10000.0	Homo sapiens	CC[C@H](C)[C@H](NC(=O)C[C@H](O)[C@H](CC(C)C)NC(=O)[C@H](CCC(N)=O)N(C)C(=O)[C@H](CC(C)C)NC(=O)[C@H](C)OC(=O)[C@H](Cc1ccccc1)N(C)C)C(=O)N[C@@H](C)C(=O)N(C)[C@H](Cc1ccccc1)C(=O)N1CCC[C@H]1C(=O)OC
Cathepsin D	580.0	Homo sapiens	COc1cccc(C(C)(C)NC[C@@H](O)[C@H](Cc2ccccc2)NC(=O)c2cc(C(=O)NCCC(F)(F)F)cc(N3CCCCC3)c2)c1
Cathepsin D	100000.1	Homo sapiens	CC(=O)N[C@@H](CCCNC(=N)N)C(=O)N[C@@H](C)C(=O)N[C@@H](CC(C)C)[C@@H](O)CC(=O)N[C@@H](C)C(N)=O.O=C(O)C(F)(F)F
Cathepsin D	100000.1	Homo sapiens	CC(C)C[C@H](NC(=O)[C@H](C)NC(=O)[C@H](CCCN)NC(=O)OCc1ccccc1)[C@@H](O)CC(=O)NC1CCCCC1.Cl
Cathepsin D	6900.0	Homo sapiens	NC1=N[C@](c2ccc(OC(F)(F)F)cc2)(c2cccc(-c3cccnc3F)c2)C2=NCCCN12
Cathepsin D	25000.0	Homo sapiens	Nc1nc2cc(-c3ccc(CCCc4ccccc4)cc3-c3ccc(C(=O)O)cc3)ccc2c(=O)n1CC1CCCO1
Cathepsin D	510.0	Homo sapiens	COc1ccc(CC(=O)NC(=N)N[C@H](CC(C)C)C(=O)NCc2ccc(-c3nnn[nH]3)cc2)cc1OC
Cathepsin D	81.0	Homo sapiens	COc1ccc(CC(=O)NC(=N)N[C@H](CC2CCCCC2)C(=O)NCc2ccc(-c3nnn[nH]3)c(F)c2)cc1OC
Cathepsin D	29000.0	Homo sapiens	COc1ccc(CC(=O)NC(=N)NCc2ccc(N)cc2)cc1OC
Cathepsin D	18000.0	Homo sapiens	COc1cc(CCCC(=O)NC(=N)NCc2ccccc2)c([N+](=O)[O-])cc1OC
Cathepsin D	6100.0	Homo sapiens	COc1ccc(Cl)c(CC(=O)NC(=N)NCc2ccccc2)c1
Cathepsin D	10000.1	Homo sapiens	CCCCNC(=O)[C@H](C)C[C@H](O)[C@@H]1C[C@H](C)CCCCCCCC(=O)N[C@@H](C)C(=O)N1
Cathepsin D	56900.0	Homo sapiens	NC1=N[C@@](c2ccc(OC(F)(F)F)cc2)(c2cccc(-c3cccnc3F)c2)C2=NCCCN12
Cathepsin D	8300.0	Homo sapiens	COc1ccc(C2(c3cccc(-c4cccnc4)c3)N=C(N)N(C)C2=O)cc1OC1CCCC1
Cathepsin D	270.0	Homo sapiens	COc1cccc(C(C)(C)NC[C@@H](O)[C@H](Cc2ccccc2)NC(=O)c2cc(C(=O)N(CCO)CCO)cc(N3CCCCC3)c2)c1
Cathepsin D	1300.0	Homo sapiens	COc1cccc(C(C)(C)NC[C@@H](O)[C@H](Cc2ccccc2)NC(=O)c2cc(C(=O)N(CC(C)C)CC(C)C)cc(N3CCCCC3)c2)c1
Cathepsin D	210.0	Homo sapiens	CCCN(CCC)C(=O)c1cc(C)cc(C(=O)N[C@@H](Cc2ccccc2)[C@H](O)CNC(C)(C)c2cccc(OC)c2)c1
Cathepsin D	96.0	Homo sapiens	CCCN(CCC)C(=O)c1cc(Cl)cc(C(=O)N[C@@H](Cc2ccccc2)[C@H](O)CNC(C)(C)c2cccc(OC)c2)c1
Cathepsin D	370.0	Homo sapiens	CCCCNC(=O)[C@H](C)C[C@H](O)[C@H](CC(C)C)NC(=O)[C@H](CCSC)NC(=O)CCC(C)C
Cathepsin D	29000.0	Homo sapiens	CC(C)C[C@H](NC(=O)[C@H](C)NC(=O)[C@H](CCCNC(=N)N)NC(=O)OCc1ccccc1)[C@@H](O)CC(=O)NCCc1ccccc1.O=C(O)C(F)(F)F
Cathepsin D	100000.1	Homo sapiens	CC(C)C[C@H](NC(=O)[C@H](C)NC(=O)[C@H](CCCNC(=N)N)NS(=O)(=O)c1ccccc1)[C@@H](O)CC(=O)NCCc1ccccc1.O=C(O)C(F)(F)F
Cathepsin D	50.0	Homo sapiens	C#CCNC(=O)[C@H](Cc1ccccc1)NC(=O)C[C@H](O)[C@H](Cc1ccccc1)NC(=O)[C@@H](NC(=O)c1ccccn1)C(C)C
Cathepsin D	11000.0	Homo sapiens	Nc1nc2cc(-c3ccccc3)cc(CC(=O)O)c2c(=O)n1C[C@@H]1CC[C@H](c2ccccc2)O1
Cathepsin D	9.9	Homo sapiens	CCCCNC(=O)[C@@H](NC(=O)[C@@H]1CCC[C@H]1[C@H](O)[C@H](CC(C)C)NC(=O)[C@H](CCSC)NC(=O)[C@H](CC(C)C)NC(C)=O)C(C)C
Cathepsin D	70.0	Homo sapiens	CCCCNC(=O)[C@@H](NC(=O)[C@H]1[C@H]([C@H](O)[C@H](CC(C)C)NC(=O)[C@H](CCSC)NC(=O)[C@H](CC(C)C)NC(C)=O)CC(=O)N1C)C(C)C
Cathepsin D	28.0	Homo sapiens	CCCCNC(=O)[C@@H](NC(=O)[C@@H]1OCC[C@H]1[C@H](O)[C@H](CC(C)C)NC(=O)[C@H](CCSC)NC(=O)[C@H](CC(C)C)NC(C)=O)C(C)C
Cathepsin D	9.9	Homo sapiens	CC(C)C[C@H](NC(=O)[C@H](CC(N)=O)NC(=O)[C@@H](NC(=O)[C@@H](N)CCC(=O)O)C(C)C)[C@@H](O)[C@@H]1CCC[C@H]1C(=O)N[C@@H](C)C(=O)N[C@@H](CCC(=O)O)C(=O)N[C@@H](Cc1ccccc1)C(=O)O
Cathepsin D	100000.1	Homo sapiens	NC1=NC2CCC(OC(=O)c3cccc(Cl)c3)CC2CS1.O=C(O)C(F)(F)F
Cathepsin D	277000.0	Homo sapiens	Cl.NC1=NC23CCC(NC(=O)c4cccc(Cl)c4)CC2(COC3)CS1
Cathepsin D	10000.1	Homo sapiens	COCCCOc1cc(C(=O)N(C[C@@H]2CNC[C@H]2NCc2ccc3ccccc3c2)C(C)C)ccc1OC
Cathepsin D	270.0	Homo sapiens	CC[C@H](C)[C@H](NC(=O)C[C@H](O)[C@H](CC(C)C)NC(=O)[C@H](OC(=O)[C@@H](O)C(C)C)[C@@H](C)CC)C(=O)N[C@@H](C)C(=O)N(C)[C@H](Cc1ccccc1)C(=O)N1CCC[C@H]1C(=O)OC
Cathepsin D	10000.1	Homo sapiens	CC[C@H](C)[C@H](NC(=O)[C@H](OC(=O)[C@@H](O)C(C)C)[C@@H](C)CC)C(=O)NCC(=O)N(C)[C@H](Cc1ccccc1)C(=O)N1CCC[C@H]1C(=O)OC
Cathepsin D	5100.0	Homo sapiens	CC(C)C[C@H](NC(=O)[C@H](CCCNC(=N)N)NC(=O)OCc1ccccc1)C(=O)N[C@@H](CC(C)C)[C@@H](O)CC(=O)NC1CCCCC1.O=C(O)C(F)(F)F
Cathepsin D	370.0	Homo sapiens	COc1ccc(CC(=O)NC(=N)N[C@H](CC(C)C)C(=O)NCc2cccc(-c3nnn[nH]3)c2)cc1OC
Cathepsin D	92.0	Homo sapiens	COc1ccc(CC(=O)NC(=N)N[C@H](CC2CCCCC2)C(=O)NCc2cccc(-c3nnn[nH]3)c2)cc1OC
Cathepsin D	24.0	Homo sapiens	COc1cc(CNC(=O)[C@@H](CC(C)C)NC(=N)NC(=O)Cc2ccc(OC)c(OC)c2)ccc1F
Cathepsin D	25000.0	Homo sapiens	COc1ccc(CCC(=O)NC(=N)NCc2ccccc2)cc1OC
Cathepsin D	5.5	Homo sapiens	CC[C@H](C)[C@H](NC(=O)C[C@H](O)[C@H](CC(C)C)NC(=O)[C@H](CCC(N)=O)N(C)C(=O)[C@H](CC(C)C)NC(=O)[C@H](C)OC(=O)[C@H](Cc1ccccc1)N(C)C)C(=O)N[C@@H](C)C(=O)N(C)[C@H](Cc1ccccc1)C(=O)N1CCC[C@H]1C(=O)OC
Cathepsin D	10000.1	Homo sapiens	CC(C)[C@@H]1NC(=O)[C@@H]([C@H](O)[C@H](Cc2ccccc2)NC(=O)[C@@H](NC(=O)OCc2ccccc2)C(C)(C)C)NCc2ccc(cc2)OCCOCCNC1=O
Cathepsin D	750.0	Homo sapiens	COCCNC(=O)c1cc(C(=O)N[C@@H](Cc2ccccc2)[C@H](O)CNC(C)(C)c2cccc(OC)c2)cc(N2CCCCC2)c1
Cathepsin D	67.0	Homo sapiens	CCCN(CCC)C(=O)c1cc(C(=O)N[C@@H](Cc2ccccc2)[C@H](O)CNC(C)(C)c2cccc(OC)c2)cc(C(F)(F)F)c1
Cathepsin D	1606.0	Homo sapiens	CN1C(=O)C2(CC(C)(C)Oc3ccc(-c4cncc(Cl)c4)cc32)N=C1N
Cathepsin D	49700.0	Homo sapiens	CN1C(=O)C2(CC(C)(C)Oc3ccc(-c4ccncc4)cc32)N=C1N
Cathepsin D	16820.0	Homo sapiens	CC(C)COc1ccc2c(c1)C1(CC(C)(C)O2)N=C(N)N(C)C1=O
Cathepsin D	3200.0	Homo sapiens	CCCCCc1ccc(-c2ccc3c(=O)n(CC4CCCO4)c(N)nc3c2)cc1
Cathepsin D	100000.0	Homo sapiens	Nc1nc2cc(-c3ccccc3)cc(-c3ccc(C(=O)O)cc3)c2c(=O)n1CC1CCCO1
Cathepsin D	8550.0	Homo sapiens	CN1C(=O)C(c2ccc(OC(F)(F)F)cc2)(c2cc(F)cc(-c3cncnc3)c2)N=C1N
Cathepsin D	100000.1	Homo sapiens	C[C@H](NC(=O)[C@H](Cc1ccccc1)NC(=O)OCc1ccccc1)C(=O)CF
Cathepsin D	9669.0	Homo sapiens	CCCC(CCC)S(=O)(=O)CCC(=O)N[C@@H](Cc1ccccc1)[C@H](O)CNCc1cccc(OC)c1
Cathepsin D	97740.0	Homo sapiens	CN1C(=O)C2(CC(C)(C)Oc3ccc(Br)cc32)N=C1N
Cathepsin D	6340.0	Homo sapiens	COc1ccc(-c2ccc3c(c2)C2(CC(C)(C)O3)N=C(N)N(C)C2=O)cc1
Cathepsin D	3462.0	Homo sapiens	COc1ccccc1-c1ccc2c(c1)C1(CC(C)(C)O2)N=C(N)N(C)C1=O
Cathepsin D	900.0	Homo sapiens	CCCOCc1cccc(C[C@@H]2CS(=O)(=O)C[C@H](NCc3cccc(C(C)C)c3)[C@H]2O)c1
Cathepsin D	1200.0	Homo sapiens	CC(C)c1cccc(CN[C@H]2CS(=O)(=O)C[C@@H](Cc3ccc(O)c(Br)c3)[C@@H]2O)c1
Cathepsin D	200000.1	Homo sapiens	NC1=N[C@@]2(CO1)c1cc(-c3cncnc3)ccc1O[C@@H]1CCOC[C@H]12
Cathepsin D	11000.0	Homo sapiens	C[C@]12CCOC[C@@H]1[C@]1(COC(N)=N1)c1cc(-c3cncc(Cl)c3)c(F)cc1O2
Cathepsin D	11000.0	Homo sapiens	CN1C(=O)[C@]2(N=C1N)c1cc(-c3cncnc3)ccc1O[C@H]1CCOC[C@@H]12
Cathepsin D	4600.0	Homo sapiens	C[C@H]1OCC[C@H]2Oc3ccc(-c4cccnc4F)cc3[C@]3(N=C(N)N(C)C3=O)[C@H]12
Cathepsin D	120.0	Homo sapiens	CC(C)[C@H](NC(=O)[C@@H](C)C[C@H](O)[C@H](COc1cc(F)cc(F)c1)NC(=O)c1cc(C(=O)N[C@H](C)c2ccccc2)cc(N(C)S(C)(=O)=O)c1)C(=O)NCc1ccccc1
Cathepsin D	5000.1	Homo sapiens	CC(C)[C@H](NC(=O)[C@H](C)C[C@H](O)[C@H](COCc1cc(F)cc(F)c1)NC(=O)c1cc(C(=O)N[C@H](C)c2ccccc2)cc(N(C)S(C)(=O)=O)c1)C(=O)NCc1ccc(F)cc1
Cathepsin D	4368.0	Homo sapiens	CN1C(=O)C2(CC(C)(C)Oc3ccc(-c4ccccc4)cc32)N=C1N
Cathepsin D	2400.0	Homo sapiens	CCc1cc(C[C@@H]2CS(=O)(=O)C[C@H](NCc3cccc(C(C)C)c3)[C@H]2O)ccc1O
Cathepsin D	140000.0	Homo sapiens	C[C@]12CCOC[C@@H]1[C@]1(COC(N)=N1)c1cc(-c3cncc(Cl)c3)ccc1O2
Cathepsin D	627.0	Homo sapiens	CN1C(=O)C2(CC(C)(C)Oc3ccc(-c4cccc(OC(F)F)c4)cc32)N=C1N
Cathepsin D	265.0	Homo sapiens	CN1C(=O)C2(CC(C)(C)Oc3ccc(-c4cc(Cl)ccc4F)cc32)N=C1N
Cathepsin D	8900.0	Homo sapiens	CCCCCCCCNC(=O)COc1ccc2ccccc2c1C(=O)c1cc(OC)c(OC)c(OC)c1
Cathepsin D	29.0	Homo sapiens	COc1ccc(CC(=O)NC(=N)N[C@H](CC2CCCCC2)C(=O)Nc2cc(S(=O)(=O)N(C)C)ccc2C)cc1OC.O=C(O)C(F)(F)F
Cathepsin D	54.0	Homo sapiens	Cc1ccc(S(=O)(=O)N(C)C)cc1NC(=O)[C@@H](CC1CCCCC1)NC(=N)NC(=O)Cc1ccc(C(F)(F)F)cc1.O=C(O)C(F)(F)F
Cathepsin D	110.0	Homo sapiens	CNS(=O)(=O)c1ccc(C)c(NC(=O)[C@@H](CC2CCCCC2)NC(=N)NC(=O)Cc2cc(C(F)(F)F)cc(C(F)(F)F)c2)c1.O=C(O)C(F)(F)F
Cathepsin D	127.0	Homo sapiens	COc1ccc(CC(=O)NC(=N)N[C@H](CCSC)C(=O)Nc2cc(S(N)(=O)=O)ccc2C)cc1OC.O=C(O)C(F)(F)F
Cathepsin D	4.0	Homo sapiens	CNS(=O)(=O)c1ccc(C)c(NC(=O)[C@@H](CC2CCCCC2)NC(=N)NC(=O)Cc2ccc(OC)c(OC)c2)c1.O=C(O)C(F)(F)F
Cathepsin D	15.0	Homo sapiens	COc1ccc(CC(=O)NC(=N)N[C@H](CC2CCCCC2)C(=O)Nc2cc(N(S(C)(=O)=O)S(C)(=O)=O)ccc2C)cc1OC.O=C(O)C(F)(F)F
Cathepsin D	1717.0	Homo sapiens	CN1C(=O)[C@]2(CC(C)(C)Oc3ccc(-c4cncc(Cl)c4)cc32)N=C1N
Cathepsin D	10144.0	Homo sapiens	CN1C(=O)C2(CC(C)(C)Cc3ccc(-c4cncnc4)cc32)N=C1N
Cathepsin D	21200.0	Homo sapiens	O=C(Cn1c(-c2ccccn2)nc2ccccc21)c1cccc([N+](=O)[O-])c1
Cathepsin D	3800.0	Homo sapiens	COc1cccc(C(C)(C)NC[C@@H](O)[C@H](Cc2ccccc2)NC(=O)c2cccc(C(=O)NCC(C)(C)C)c2)c1
Cathepsin D	1000000.1	Homo sapiens	COc1cc(C(=O)c2c(OC/C=C/C(=O)Nc3ccccc3)ccc3ccccc23)cc(OC)c1OC
Cathepsin D	1259.0	Homo sapiens	CN1C(=O)[C@]2(CC(C)(C)Cc3ccc(-c4cccc(C#N)c4)cc32)N=C1N
Cathepsin D	380.0	Homo sapiens	COc1ccc(CN[C@@H](C(=O)N[C@H](C(=O)NCc2nc3ccccc3[nH]2)C(C)C)[C@H](O)[C@H](Cc2ccccc2)NC(=O)[C@@H](NC(=O)OCc2ccccc2)C(C)C)cc1
Cathepsin D	5400.0	Homo sapiens	CC(C)c1cccc(CN[C@H]2CS(=O)(=O)C[C@@H](Cc3ccc(O)cc3)[C@@H]2O)c1
Cathepsin D	1900.0	Homo sapiens	CCCCc1cc(C[C@@H]2CS(=O)(=O)C[C@H](NCc3cccc(C(C)C)c3)[C@H]2O)ccc1O
Cathepsin D	1000000.1	Homo sapiens	COc1cc(C(=O)c2c(OC/C=C/C(=O)O)ccc3ccccc23)cc(OC)c1OC
Cathepsin D	8180.0	Homo sapiens	CCCCOc1cc(C2(c3cccc(-c4cccnc4)c3)N=C(N)N(C)C2=O)ccc1OC
Cathepsin D	3150.0	Homo sapiens	CN1C(=O)C(c2ccc(OC(F)(F)F)cc2)(c2cccc(-c3cccnc3F)c2)N=C1N
Cathepsin D	3510.0	Homo sapiens	COc1ccc(C2(c3cccc(-c4cccnc4)c3)N=C(N)N(C)C2=O)cc1C(F)(F)F
Cathepsin D	140.0	Homo sapiens	CCCCNC(=O)/C=C/COc1ccc2ccccc2c1C(=O)c1cc(OC)c(OC)c(OC)c1
Cathepsin D	1760.0	Homo sapiens	CN1C(=O)C2(CC(C)(C)Cc3ccc(-c4cccnc4F)cc32)N=C1N
Cathepsin D	76000.0	Homo sapiens	NC1=N[C@@]2(CO1)c1cc(-c3cncnc3)ccc1O[C@H]1CCOC[C@@H]12
Cathepsin D	170000.0	Homo sapiens	NC1=N[C@@]2(CO1)c1cc(-c3cccnc3F)ccc1O[C@@H]1CCOC[C@H]12
Cathepsin D	1800.0	Homo sapiens	COc1cccc(-c2ccc3c(c2)[C@]2(N=C(N)N(C)C2=O)[C@H]2COCC[C@@H]2O3)c1
Cathepsin D	5200.0	Homo sapiens	COc1ccc(C2(c3cccc(-c4cccnc4)c3)N=C(N)N(C)C2=O)cc1F
Cathepsin D	2400.0	Homo sapiens	COc1ccc(C[C@@H]2CS(=O)(=O)C[C@H](NCc3cccc(C(C)C)c3)[C@H]2O)cc1Br
Cathepsin D	10000.1	Homo sapiens	COc1ccc(CN[C@@H](C(=O)N[C@H](C(=O)NCc2nc3ccccc3[nH]2)C(C)C)[C@H](O)[C@H](Cc2ccccc2)NC(=O)[C@@H](NC(=O)CCc2ccc(O)cc2)C(C)(C)C)cc1
Cathepsin D	19.0	Homo sapiens	CC(C)C[C@H](NC(=O)C[C@H](O)[C@H](Cc1ccccc1)NC(=O)[C@H](CCC(N)=O)N(C)C(=O)[C@@H](NC(=O)OCc1ccccc1)C(C)C)C(=O)N[C@@H](C)C(=O)N(C)[C@H](Cc1ccc(OC(C)(C)C)cc1)C(=O)N1CCC[C@H]1C(=O)O
Cathepsin D	0.63	Homo sapiens	CSCC[C@H](NC(=O)[C@@H](NC(=O)OC(C)(C)C)C(C)C)C(=O)N[C@@H](COCc1cc(F)cc(F)c1)[C@@H](O)C[C@@H](C)C(=O)N[C@H](C(=O)NCc1ccccc1)C(C)C
Cathepsin D	39200.0	Homo sapiens	O=C(Cn1c(-c2ccccn2)nc2ccccc21)c1ccccc1[N+](=O)[O-]
Cathepsin D	35.0	Homo sapiens	CC(C)[C@H](NC(=O)OCc1ccccc1)C(=O)N[C@@H](Cc1ccccc1)[C@@H](O)[C@@H](NCc1ccccc1)C(=O)N[C@H](C(=O)NCc1ccccc1)C(C)C
Cathepsin D	295.0	Homo sapiens	COc1cccc(-c2ccc3c(c2)C2(CC(C)(C)O3)N=C(N)N(C)C2=O)c1
Cathepsin D	2470.0	Homo sapiens	COc1ccc(C2(c3ccc(C)c(-c4cccnc4)c3)N=C(N)N(C)C2=O)cc1C
Cathepsin D	2000.0	Homo sapiens	CCOc1ccc2nc(Sc3ccc(NC(=O)c4cc(Cl)ccc4NC(=O)c4ccccc4S(=O)(=O)O)cc3)sc2c1
Cathepsin D	7.0	Homo sapiens	COc1ccc(CC(=O)NC(=N)N[C@H](CC2CCCCC2)C(=O)Nc2cc(S(N)(=O)=O)ccc2C)cc1OC.O=C(O)C(F)(F)F
Cathepsin D	25.0	Homo sapiens	CNS(=O)(=O)c1ccc(C)c(NC(=O)[C@@H](CC2CCCCC2)NC(=N)NC(=O)Cc2ccc(S(C)(=O)=O)cc2)c1.O=C(O)C(F)(F)F
Cathepsin D	45.0	Homo sapiens	CCOC[C@@H](NC(=N)NC(=O)Cc1ccc(OC)c(OC)c1)C(=O)Nc1cc(S(N)(=O)=O)ccc1C.O=C(O)C(F)(F)F
Cathepsin D	1000.0	Homo sapiens	COC(=O)[C@@H]1CCCN1C(=O)[C@@H](Cc1ccccc1)N(C)C(=O)[C@H](C)NC(=O)[C@@H](NC(=O)C[C@H](O)[C@H](CC(C)C)NC(=O)[C@H](CC(N)=O)NC(=O)[C@H](CC(C)C)NC(=O)[C@H](OC(=O)[C@@H](OC(=O)[C@H](C(C)C)N(C)C)C(C)C)C(C)C)[C@@H](C)O
Cathepsin D	13370.0	Homo sapiens	COc1ccc([C@]2(C34CC5CC(CC(C5)C3)C4)N=C(N)N(C)C2=O)cc1
Cathepsin D	370.0	Homo sapiens	CCCCNC(=O)[C@H](C)C[C@H](O)[C@H](CC(C)C)NC(=O)[C@H](CCSC)NC(=O)CCC(C)C
Cathepsin D	69500.0	Homo sapiens	COc1ccc(C2(c3cccc(-c4cncnc4)c3)N=C(N)N3CCCN=C32)cc1
Cathepsin D	36200.0	Homo sapiens	NC1=N[C@](c2ccc(OC(F)(F)F)cc2)(c2cccc(-c3cncnc3)c2)C2=NCCCN12
Cathepsin D	50000.1	Homo sapiens	COC(=O)N[C@H](C(=O)NCCCC[C@@H](CO)N(CC(C)C)S(=O)(=O)c1ccc(N)cc1)C(c1ccccc1)c1ccccc1
Cathepsin D	5000.0	Homo sapiens	CC(C)CC(=O)N[C@H](C(=O)N[C@H](C(=O)N[C@@H](CC(C)C)[C@@H](O)CC(=O)N[C@@H](C)C(=O)N[C@@H](CC(C)C)[C@@H](O)CC(=O)O)C(C)C)C(C)C
Cathepsin D	4700.0	Homo sapiens	CC(=O)N[C@@H](Cc1cc(F)cc(F)c1)[C@H](O)CNCc1cccc(C(C)C)c1
Cathepsin D	3000.0	Homo sapiens	O=C(Nc1ccc(Sc2nc3ccccc3s2)cc1)c1cc(Cl)cc(Cl)c1O
Cathepsin D	550.0	Homo sapiens	CNC1CCN(C(=O)C[C@@H](Cc2ccccc2)C(=O)N[C@@H](CSC)C(=O)N[C@@H](CC2CCCCC2)[C@@H](O)C(=O)OC(C)C)CC1
Cathepsin D	6700.0	Homo sapiens	COc1ccc(C2(c3ccc(F)c(-c4cncnc4)c3)N=C(N)N(C)C2=O)cc1C
Cathepsin D	12500.0	Homo sapiens	COc1ccc(C2(c3cccc(-c4cccnc4)c3)N=C(N)N(C)C2=O)cc1C
Cathepsin D	100000.1	Homo sapiens	O=C(CF)CNC(=O)[C@H](Cc1ccccc1)NC(=O)c1ccccc1
Cathepsin D	690.0	Homo sapiens	COc1ccc(CC(=O)NC(=N)N[C@H](CC(C)C)C(=O)NCc2ccc(-c3nnn[nH]3)c(F)c2)cc1OC
Cathepsin D	240.0	Homo sapiens	COc1cc(Br)c(CC(=O)NC(=N)N[C@H](CC(C)C)C(=O)NCc2cccc(-c3nnn[nH]3)c2)cc1OC
Cathepsin D	70.0	Homo sapiens	Cc1ccc(S(=O)(=O)N(C)C)cc1NC(=O)[C@@H](CC1CCCCC1)NC(=N)NC(=O)Cc1ccc(Cl)c(Cl)c1.O=C(O)C(F)(F)F
Cathepsin D	375.0	Homo sapiens	CC[C@@H](NC(=N)NC(=O)Cc1ccc(OC)c(OC)c1)C(=O)Nc1cc(S(N)(=O)=O)ccc1C.O=C(O)C(F)(F)F
Cathepsin D	6553.0	Homo sapiens	COc1ccc(CC(=O)NC(=N)N[C@H](C)C(=O)Nc2cc(S(N)(=O)=O)ccc2C)cc1OC.O=C(O)C(F)(F)F
Cathepsin D	713.0	Homo sapiens	CC(C)C[C@H](NC(=O)[C@@H](NC(=O)[C@H](CCCNC(=N)N)NC(=O)OCc1ccccc1)C(C)C)[C@@H](O)CC(=O)NC1CCCCC1.O=C(O)C(F)(F)F
Cathepsin D	100000.1	Homo sapiens	CC(C)C[C@H](NC(=O)[C@H](C)NC(=O)[C@H](CCCNC(=N)N)NC(=O)OCc1ccccc1)[C@@H](O)CC(=O)NCCc1ccc(Cl)cc1.O=C(O)C(F)(F)F
Cathepsin D	2700.0	Homo sapiens	COc1ccc(CNC(=N)NC(=O)Cc2cc(OC)c(OC)cc2[N+](=O)[O-])cc1OC
Cathepsin D	10300.0	Homo sapiens	CCOc1cc(C2(c3cccc(-c4cccnc4)c3)N=C(N)N(C)C2=O)ccc1OC
Cathepsin D	7.3	Homo sapiens	CC[C@H](NC(=O)[C@@H](NC(=O)C[C@H](O)[C@H](CC(C)C)NC(=O)[C@H](CC(N)=O)NC(=O)[C@H](CC(C)C)NC(=O)[C@H](OC(=O)[C@@H](OC(=O)[C@H](C(C)C)N(C)C)C(C)C)C(C)C)[C@@H](C)O)C(=O)N(C)[C@H](Cc1ccccc1)C(=O)N1CCC[C@H]1C(=O)OC
Cathepsin D	38180.0	Homo sapiens	CN1C(=O)C(c2ccccc2)(c2ccc(Cl)cc2)N=C1N
Cathepsin D	69180.0	Homo sapiens	CN1C(=O)C(c2ccccc2)(c2cccc(Cl)c2)N=C1N
Cathepsin D	14100.0	Homo sapiens	CCc1cc(C2(C34CC5CC(CC(C5)C3)C4)N=C(N)N(C)C2=O)ccc1OC
Cathepsin D	50.0	Homo sapiens	CC(C)C[C@H](NC(=O)C[C@H](O)[C@H](Cc1ccccc1)NC(=O)[C@H](CCC(N)=O)N(C)C(=O)[C@@H](NC(=O)[C@H](C)O)C(C)C)C(=O)N[C@@H](C)C(=O)N(C)[C@H](Cc1ccccc1)C(=O)N1CCC[C@H]1C(=O)O
Cathepsin D	20000.1	Homo sapiens	COc1cccc(CNC[C@@H](O)[C@H](Cc2ccccc2)NC(=O)CCCS(=O)(=O)c2ccccc2)c1
Cathepsin D	1.0	Homo sapiens	CC[C@H](C)[C@H](NC(=O)C[C@H](N)[C@H](Cc1ccccc1)NC(=O)[C@@H](NC(=O)[C@H](Cc1ccccc1)NC(=O)OC(C)(C)C)C(C)C)C(=O)N[C@H](C(=O)OC)C(C)C
Cathepsin D	58.0	Homo sapiens	COc1ccc(CNC(=O)[C@@H](Cc2ccccc2)NC(=N)NC(=O)Cc2ccc(OC)c(OC)c2)cc1OC
Cathepsin D	1900.0	Homo sapiens	COc1ccc(CC(=O)NC(=N)NCc2ccc(C)cc2)cc1OC
Cathepsin D	1600.0	Homo sapiens	CC[C@H](C)[C@H](NC(=O)C[C@H](O)[C@H](CC(C)C)NC(=O)[C@H](CC(N)=O)N(C)C(=O)[C@H](CC(C)C)NC(=O)[C@H](O)[C@@H](C)CC)C(=O)NCC(=O)N(C)[C@H](Cc1ccccc1)C(=O)N1CCC[C@H]1C(=O)OC
Cathepsin D	50.0	Homo sapiens	CC[C@H](C)[C@H](NC(=O)C[C@H](O)[C@H](CC(C)C)NC(=O)[C@H](CCC(N)=O)N(C)C(=O)[C@H](CC(C)C)NC(=O)[C@H](C)OC(=O)[C@H](Cc1ccccc1)N(C)C)C(=O)N[C@@H](C)C(=O)N(C)[C@H](Cc1ccccc1)C(=O)N1CCC[C@H]1C(=O)OC
Cathepsin D	65000.0	Homo sapiens	COc1cnc(C(=O)Nc2ccc(F)c([C@]34CN(c5ncc(F)cn5)C[C@H]3CSC(N)=N4)c2)cn1
Cathepsin D	1193.0	Homo sapiens	C[C@@]1(c2cccc(Nc3ccc(C4CC4)nc3)c2Cl)CC(=O)N(C2CCOCC2)C(=N)N1
Cathepsin D	1700.0	Homo sapiens	CN1C(=O)[C@]2(N=C1N)c1cc(-c3cccc(C#N)c3)ccc1O[C@H]1CCOC[C@@]12C
Cathepsin D	780.0	Homo sapiens	CN1C(=O)[C@]2(N=C1N)c1cc(-c3cccc(OC(F)F)c3)ccc1O[C@H]1CCOC[C@@H]12
Cathepsin D	93700.0	Homo sapiens	CCCc1cccc(C2(c3ccc(OC(F)(F)F)cc3)N=C(N)N3CCCN=C32)c1
Cathepsin D	12000.0	Homo sapiens	NC1=N[C@@]2(CO1)c1cc(-c3cncc(Cl)c3)ccc1O[C@H]1CCOC[C@@H]12
Cathepsin D	2600.0	Homo sapiens	CN1C(=O)[C@]2(N=C1N)c1cc(-c3cncnc3)ccc1O[C@H]1CCOC[C@@]12C
Cathepsin D	50000.1	Homo sapiens	CC(C)C[C@H](NC(=O)OCC(C)(C)Sc1cccc(Cl)c1)C(=O)N[C@H](C=O)C[C@@H]1CCNC1=O
Cathepsin D	100000.1	Homo sapiens	Cl.NC1=NC2CCC(NC(=O)c3cccc(Cl)c3)CC2CS1
Cathepsin D	490.0	Homo sapiens	CCOc1ccc2nc(Sc3ccc(NC(=O)c4cc(Cl)cc(Cl)c4OS(=O)(=O)c4cc(Cl)cc(Cl)c4O)cc3)sc2c1
Cathepsin D	250.0	Homo sapiens	CCOc1ccc2nc(Sc3ccc(NC(=O)c4cc(Cl)cc(Cl)c4NS(=O)(=O)c4cc(Cl)cc(Cl)c4O)cc3)sc2c1
Cathepsin D	7200.0	Homo sapiens	O=C(Nc1ccc(Oc2nc3ccccc3o2)cc1)c1cc(Cl)cc(Cl)c1O
Cathepsin D	2700.0	Homo sapiens	CCOc1ccc2nc(Sc3ccc(NC(=O)c4cc(Cl)ccc4NC(=O)c4ccccc4CC(=O)O)cc3)sc2c1
Cathepsin D	236000.0	Homo sapiens	C[C@@]1(c2nc(NC(=O)c3ncc(OC(F)F)cc3Cl)ccc2F)CO[C@@](C)(C(F)(F)F)C(N)=N1
Cathepsin D	2400.0	Homo sapiens	N#Cc1cc(Sc2nc3ccccc3s2)ccc1NC(=O)c1cc(Cl)cc(Cl)c1O
Cathepsin D	1000.0	Homo sapiens	NNC(=O)c1ccccc1[N+](=O)[O-]
Cathepsin D	5400.0	Homo sapiens	COc1cncc(-c2ccc3c(c2)[C@]2(N=C(N)N(C)C2=O)[C@H]2COCC[C@@H]2O3)c1
Cathepsin D	3700.0	Homo sapiens	C[C@]12CCOC[C@@H]1[C@]1(COC(N)=N1)c1cc(-c3cccnc3F)c(F)cc1O2
Cathepsin D	1000000.1	Homo sapiens	CN1C(=N)N[C@](C)(c2cc(NC(=O)c3ccc(Cl)cn3)ccc2F)CS1(=O)=O
Cathepsin D	380.0	Homo sapiens	CC[C@H](C)[C@H](NC(=O)C[C@H](O)[C@H](CC(C)C)NC(=O)[C@H](OC(=O)[C@@H](O)C(C)C)C(C)C)C(=O)N[C@@H](C)C(=O)N(C)[C@H](Cc1ccccc1)C(=O)N1CCC[C@H]1C(=O)OC
Cathepsin D	250000.1	Homo sapiens	COc1cnc(C(=O)Nc2ccc(F)c([C@]3(C)CO[C@@](C)(C(F)(F)F)C(N)=N3)c2)c(C)c1
Cathepsin D	250000.1	Homo sapiens	Cc1cc(OC(F)F)cnc1C(=O)Nc1ccc(F)c([C@]2(C)CO[C@@](C)(C(F)(F)F)C(N)=N2)c1
Cathepsin D	95300.0	Homo sapiens	NC1=NC(c2cccc(-c3cccnc3F)c2)(c2ccc3c(c2)OC(F)(F)O3)C2=NCCCN12
Cathepsin D	18100.0	Homo sapiens	NC1=NC(c2ccc(OC(F)(F)F)cc2)(c2cccc(-c3cccnc3F)c2)C2=NCCCN12
Cathepsin D	150100.0	Homo sapiens	CC(C)(C)c1cccc(C2(c3ccccc3)N=C(N)N3CCCN=C32)c1
Cathepsin D	300000.1	Homo sapiens	Cl.NC1=NC2CCC(NC(=O)c3ccc(F)cn3)CC2CS1
Cathepsin D	300000.1	Homo sapiens	Cl.NC1=N[C@]23CC[C@H](NC(=O)c4cccc(Cl)c4)C[C@@H]2[C@@H](COC3)S1
Cathepsin D	797000.0	Homo sapiens	Cl.NC1=NC2CCC(NC(=O)c3ccccc3)CC2CS1
Cathepsin D	100000.1	Homo sapiens	NC(=O)c1ccc(-c2cc(-c3ccccc3)cc3nc(N)n(CC4CCCO4)c(=O)c23)cc1
Cathepsin D	100000.1	Homo sapiens	Nc1nc2cc(-c3ccccc3)cc(-c3ccncc3)c2c(=O)n1CC1CCCO1
Cathepsin D	2000.0	Homo sapiens	COc1cc(NC(=O)c2cc(Cl)cc(Cl)c2O)ccc1Sc1nc2ccccc2s1
Cathepsin D	67.0	Homo sapiens	CCCC(CCC)S(=O)(=O)CC(NC(=O)OCc1ccccc1)C(=O)N[C@@H](Cc1ccccc1)[C@H](O)CNCc1cccc(OC)c1
Cathepsin D	20000.1	Homo sapiens	COc1cccc(CNC[C@@H](O)[C@H](Cc2ccccc2)NC(=O)CCCS(=O)(=O)CCC(C)C)c1
Cathepsin D	7593.0	Homo sapiens	COc1cccc(CNC[C@@H](O)[C@H](Cc2ccccc2)NC(=O)CCS(C)(=O)=O)c1
Cathepsin D	600.0	Homo sapiens	CCOc1ccc2nc(Sc3ccc(NC(=O)c4cc(Cl)cc(Cl)c4CS(=O)(=O)c4cc(Cl)cc(Cl)c4O)cc3)sc2c1
Cathepsin D	8.1	Homo sapiens	CCCCNC(=O)[C@H](C)C[C@H](O)[C@@H]1C[C@H](C)CCCCCCCCC(=O)N(C)[C@@H](C)C(=O)N1
Cathepsin D	100000.1	Homo sapiens	CC(=O)c1c(Nc2ccc(Cl)cc2Cl)[nH]c2c(Cl)ccc(Cl)c2c1=O
Cathepsin D	100000.1	Homo sapiens	CC(=O)c1c(Nc2ccc(Br)cc2Br)[nH]c2c(Cl)ccc(C)c2c1=O
Cathepsin D	100000.1	Homo sapiens	CN1C(N)=N[C@](C)(c2cc(NC(=O)c3ccc(F)cn3)ccc2F)CS1(=O)=O
Cathepsin D	250000.1	Homo sapiens	C[C@@]1(c2cc(NC(=O)c3ccc(C#N)cn3)ccc2F)CO[C@@](C)(C(F)(F)F)C(N)=N1
Cathepsin D	7513.0	Homo sapiens	COc1ccc(CC(=O)NC(=N)N[C@H](CO)C(=O)Nc2cc(S(N)(=O)=O)ccc2C)cc1OC.O=C(O)C(F)(F)F
Cathepsin D	10000.1	Homo sapiens	O=c1c2c(O)c(O)c(O)cc2nc(-c2ccccc2)n1-c1ccccc1
Cathepsin D	160.0	Homo sapiens	CC[C@H](C)[C@H](NC(=O)C[C@H](N)[C@H](Cc1ccccc1)NC(=O)[C@@H](NC(=O)[C@H](CC(C)C)NC(=O)CC(C)C)C(C)C)C(=O)N[C@@H](CC(C)C)C(=O)OC
Cathepsin D	120.0	Homo sapiens	CC[C@H](C)[C@H](NC(=O)C[C@H](N)[C@H](Cc1ccccc1)NC(=O)[C@@H](NC(=O)[C@H](CC(C)C)NC(=O)CC(C)C)C(C)(C)C)C(=O)N[C@H](C(=O)OC)C(C)C
Cathepsin D	4.1	Homo sapiens	CC[C@H](C)[C@H](NC(=O)C[C@H](N)[C@H](Cc1ccccc1)NC(=O)[C@@H](NC(=O)[C@H](Cc1ccccc1)NC(=O)CC(C)C)C(C)C)C(=O)N[C@H](C(=O)O)C(C)C
Cathepsin D	3.6	Homo sapiens	CC[C@H](C)[C@H](NC(=O)C[C@H](N)[C@H](Cc1ccccc1)NC(=O)[C@@H](NC(=O)[C@H](Cc1ccccc1)NC(=O)CC(C)C)C(C)C)C(=O)N[C@H](CO)C(C)C
Cathepsin D	2600.0	Homo sapiens	COc1ccc(C2(c3cccc(-c4cccnc4F)c3)N=C(N)N(C)C2=O)cc1C
Cathepsin D	1000.0	Homo sapiens	c1cc(NNc2ccncc2)ccn1
Cathepsin D	9.0	Homo sapiens	Cc1ccc2c(NNC(=O)c3ccccc3O)c3ccccc3nc2c1C
Cathepsin D	300000.1	Homo sapiens	CCNC(=O)[C@@H]1C[C@H]1[C@]12COC[C@H]1CSC(N)=N2
Cathepsin D	400.0	Homo sapiens	COc1cccc(C(C)(C)NC[C@@H](O)[C@H](Cc2ccccc2)NC(=O)c2cc(C(=O)NCC(C)(C)C)cc(N3CCCCC3)c2)c1
Cathepsin D	6.0	Homo sapiens	CC(C)C[C@H](NC(=O)[C@H](CC(N)=O)NC(=O)[C@@H](NC(=O)[C@@H](N)CCC(=O)O)C(C)C)[C@@H](O)C[C@@H](C)C(=O)N[C@@H](C)C(=O)N[C@@H](CCC(=O)O)C(=O)N[C@@H](Cc1ccccc1)C(=O)O
Cathepsin D	250000.1	Homo sapiens	C[C@@]1(c2cc(NC(=O)c3ncc(Cl)cc3Cl)ccc2F)CO[C@@](C)(C(F)(F)F)C(N)=N1
Cathepsin D	2.0	Homo sapiens	CC(C)CC(=O)N[C@H](C(=O)N[C@H](C(=O)N[C@@H](CC(C)C)[C@@H](O)CC(=O)N[C@@H](C)C(=O)N[C@@H](CC(C)C)[C@@H](O)CC(=O)O)C(C)C)C(C)C
Cathepsin D	934.0	Homo sapiens	COc1ccc(C2(c3ccc(OC)cc3)NC(=N)N(CC3CCOCC3)C2=O)cc1
Cathepsin D	5.0	Homo sapiens	CC(C)CC(=O)N[C@H](C(=O)N[C@H](C(=O)N[C@@H](CC(C)C)[C@@H](O)CC(=O)N[C@@H](C)C(=O)N[C@@H](CC(C)C)[C@@H](O)CC(=O)O)C(C)C)C(C)C
Cathepsin D	36600.0	Homo sapiens	COc1ccc(C2(C34CC5CC(CC(C5)C3)C4)N=C(N)N(C)C2=O)cc1OC
Cathepsin D	57000.0	Homo sapiens	C[C@H]1OCC[C@H]2Oc3ccc(-c4cccnc4F)cc3[C@@]3(COC(N)=N3)[C@H]12
Cathepsin D	20000.1	Homo sapiens	Cn1c(=O)oc2ccc(-c3ccc(C[C@@H](C#N)NC(=O)[C@@H]4CNCCCO4)cc3)cc21
Cathepsin D	1150.0	Homo sapiens	CCCN(CCC)C(=O)c1cccc(C(=O)N[C@@H](Cc2ccccc2)[C@H](O)CNC(C)(C)c2cccc(OC)c2)c1
Cathepsin D	160000.0	Homo sapiens	C[C@@H]1C[C@H]1COC(C)(C)[C@@H]1C[C@H]1[C@]12CN(c3ncccn3)C[C@H]1CSC(N)=N2
Cathepsin D	6000.0	Homo sapiens	CC(C)C[C@H](NC(=O)[C@H](CC(N)=O)NC(=O)[C@@H](NC(=O)[C@@H](N)CCC(=O)O)C(C)C)[C@@H](O)[C@@H]1CCC[C@H]1C(=O)N[C@@H](C)C(=O)O
Cathepsin D	300000.1	Homo sapiens	CCCNC(=O)[C@@H]1C[C@H]1[C@]12COC[C@H]1CSC(N)=N2
Cathepsin D	100000.1	Homo sapiens	CC(=O)c1c(Nc2ccc(C(C)(C)C)cc2)[nH]c2c(Cl)cc([N+](=O)[O-])cc2c1=O
Cathepsin D	385.0	Homo sapiens	CCC(CN1C(=N)NC(c2ccccc2)(c2ccccc2)C1=O)c1ccccc1
Cathepsin D	160000.0	Homo sapiens	C[C@]12CCOC[C@@H]1[C@]1(COC(N)=N1)c1cc(-c3cncc(F)c3)ccc1O2
Cathepsin D	10000.1	Homo sapiens	CC[C@H](C[C@H](O)[C@@H](N)CN1CC(=O)N(c2ccccc2Cl)CC1(C)C)C(=O)NC1C2CC3CC1CC(O)(C3)C2.O.O=C(O)/C=C/C(=O)O
Cathepsin D	22.0	Homo sapiens	CC(C)C[C@H](NC(=O)C[C@H](O)[C@H](Cc1ccccc1)NC(=O)[C@H](CCC(N)=O)N(C)C(=O)[C@@H](NC(=O)OCc1ccccc1)C(C)C)C(=O)N[C@@H](C)C(=O)N(C)[C@H](Cc1ccc(O)cc1)C(=O)N1CCC[C@H]1C(=O)NCCOCCOCCn1cc(CNC(=O)[C@H](CCCCNC(=O)[C@H](CCCCN)NC(=O)[C@H](CCCCN)NC(=O)[C@H](CCC(N)=O)NC(=O)[C@H](CO)NC(=O)CCN2c3ccccc3C(C)(C)[C@]23C=Cc2cc([N+](=O)[O-])ccc2O3)NC(=O)[C@H](CCCCN)NC(=O)[C@H](CCCCN)NC(=O)C(CCC(N)=O)NC(=O)[C@H](CO)NC(=O)CCN2c3ccccc3C(C)(C)[C@]23CCc2cc([N+](=O)[O-])ccc2O3)nn1
Cathepsin D	1200.0	Homo sapiens	CC[C@H](NC(=O)[C@H](CC(C)C)NC(=O)CC(C)C)C(=O)N[C@@H](Cc1ccccc1)[C@@H](N)CC(=O)NCCc1ccc(Cl)c(Cl)c1
Cathepsin D	9.9	Homo sapiens	CCC(CC)NC(=O)[C@@H](NC(=O)C[C@H](N)[C@H](Cc1ccccc1)NC(=O)[C@@H](NC(=O)[C@H](CC(C)C)NC(=O)CC(C)C)C(C)C)[C@@H](C)CC
Cathepsin D	280.0	Homo sapiens	CC(C)CC(=O)N[C@@H](CC(C)C)C(=O)N[C@H](C(=O)N[C@@H](Cc1ccccc1)[C@@H](N)CC(=O)N[C@@H](COc1cccnc1)C(C)C)C(C)C
Cathepsin D	37940.0	Homo sapiens	CN1C(=O)C2(CC(C)(C)Oc3ccc(-c4ccccn4)cc32)N=C1N
Cathepsin D	249.0	Homo sapiens	COc1ccc(F)c(-c2ccc3c(c2)C2(CC(C)(C)O3)N=C(N)N(C)C2=O)c1
Cathepsin D	735.0	Homo sapiens	CN1C(=O)C2(CC(C)(C)Oc3ccc(-c4cccc(Cl)c4)cc32)N=C1N
Cathepsin D	500.0	Homo sapiens	COc1cccc(C(C)(C)NC[C@@H](O)[C@H](Cc2ccccc2)NC(=O)c2cc(C(=O)N(C)C)cc(N3CCCCC3)c2)c1
Cathepsin D	1000.0	Homo sapiens	COc1ccccc1C(=O)NN
Cathepsin D	10000.1	Homo sapiens	COc1cccc2[nH]c(C(=O)N[C@@H](CC(C)C)C(=O)N[C@@H](C[C@@H]3CCNC3=O)C(=O)CO)cc12
Cathepsin D	6200.0	Homo sapiens	CN1C(=O)[C@]2(N=C1N)c1cc(-c3cncc(F)c3)ccc1O[C@H]1CCOC[C@@H]12
Cathepsin D	600.0	Homo sapiens	CN1C(=O)[C@]2(N=C1N)c1cc(-c3cccc(OC(F)F)c3)c(F)cc1O[C@H]1CCOC[C@@H]12
Cathepsin D	100000.1	Homo sapiens	CCS(=O)(=O)[C@]1(C)CC[C@@](CF)(c2cc(NC(=O)c3cc4c(cn3)OC(F)(F)O4)ccc2F)N=C1N
Cathepsin D	100000.1	Homo sapiens	Nc1nc2cc(-c3ccccc3)cc(CC(=O)O)c2c(=O)n1CC1CCCO1
Cathepsin D	44.0	Homo sapiens	COc1ccc(CC(=O)NC(=N)N[C@H](CC2CCCCC2)C(=O)Nc2cc(S(=O)(=O)N(C)C)ccc2C)cc1F.O=C(O)C(F)(F)F
Cathepsin D	51.0	Homo sapiens	Cc1ccc(S(=O)(=O)N(C)C)cc1NC(=O)[C@@H](CC1CCCCC1)NC(=N)NC(=O)Cc1cccc(C#N)c1.O=C(O)C(F)(F)F
Cathepsin D	53.0	Homo sapiens	Cc1ccc(S(=O)(=O)N(C)C)cc1NC(=O)[C@@H](CC1CCCCC1)NC(=N)NC(=O)Cc1ccccc1C(F)(F)F.O=C(O)C(F)(F)F
Cathepsin D	69.0	Homo sapiens	Cc1ccc(S(=O)(=O)N(C)C)cc1NC(=O)[C@@H](CC1CCCCC1)NC(=N)NC(=O)Cc1cccc(C(F)(F)F)c1.O=C(O)C(F)(F)F
Cathepsin D	7323.0	Homo sapiens	Cc1ccc(S(=O)(=O)N(C)C)cc1NC(=O)[C@@H](CC1CCCCC1)NC(=N)NC(=O)c1ccc2c(c1)OCCO2.O=C(O)C(F)(F)F
Cathepsin D	102.0	Homo sapiens	Cc1ccc(S(=O)(=O)N(C)C)cc1NC(=O)[C@@H](CC1CCCCC1)NC(=N)NC(=O)Cc1ccc2ccccc2c1.O=C(O)C(F)(F)F
Cathepsin D	95.0	Homo sapiens	Cc1ccc(S(=O)(=O)N(C)C)cc1NC(=O)[C@@H](CC1CCCCC1)NC(=N)NC(=O)C1CCCc2ccccc21.O=C(O)C(F)(F)F
Cathepsin D	124.0	Homo sapiens	CNS(=O)(=O)c1ccc(C)c(NC(=O)[C@H](NC(=N)NC(=O)Cc2ccc(OC)c(OC)c2)C(C)C)c1.O=C(O)C(F)(F)F
Cathepsin D	729.0	Homo sapiens	CNS(=O)(=O)c1ccc(C)c(NC(=O)[C@@H](CC2CCCCC2)NC(=N)NC(=O)Cc2ccc(F)c(OC)c2)c1.O=C(O)C(F)(F)F
Cathepsin D	61.0	Homo sapiens	COc1ccc(CC(=O)NC(=N)N[C@H](Cc2ccccc2)C(=O)Nc2cc(S(N)(=O)=O)ccc2C)cc1OC.O=C(O)C(F)(F)F
Cathepsin D	300000.1	Homo sapiens	C[C@@H]1C[C@H]1CNC(=O)[C@@H]1C[C@H]1[C@]12COC[C@H]1CSC(N)=N2
Cathepsin D	14900.0	Homo sapiens	COc1ccc(C2(c3cccc(-c4cccnc4)c3)NC(=N)N(C3CCCCC3)C2=O)cc1
Cathepsin D	610.0	Homo sapiens	CC[C@H](C)[C@H](NC(=O)C[C@H](N)[C@H](Cc1ccccc1)NC(=O)[C@H](Cc1ccccc1)NC(=O)[C@H](CC(C)C)NC(=O)CC(C)C)C(=O)N[C@H](C(=O)OC)C(C)C
Cathepsin D	366.0	Homo sapiens	C[C@H]1C[C@@H](N2C(=N)N[C@](C)(c3cccc(-c4ccc(F)cc4F)c3Cl)CC2=O)CCS1(=O)=O
Cathepsin D	2680.0	Homo sapiens	C[C@H]1C[C@@H](N2C(=N)N[C@](C)(c3cccc(-c4ccc(C5CC5)nc4)c3Cl)CC2=O)CCS1(=O)=O
Cathepsin D	21.0	Homo sapiens	CC(C)C[C@H](NC(=O)[C@H](C)NC(=O)C[C@H](O)[C@H](Cc1ccccc1)NC(=O)[C@@H](NC(=O)c1ccccn1)C(C)C)C(N)=O
Cathepsin D	1100.0	Homo sapiens	COc1cccc(C2(c3cccc(OC)c3)NC(=N)N(C3CCCCC3)C2=O)c1
Cathepsin D	54000.0	Homo sapiens	C[C@@]1(c2nc(NC(=O)c3ncc(C(F)(F)F)nc3N)ccc2F)CO[C@@](C)(C(F)(F)F)C(N)=N1
Cathepsin D	20600.0	Homo sapiens	C[C@@]1(c2nc(NC(=O)c3ncc(C(F)(F)F)cc3N)ccc2F)CO[C@@](C)(C(F)(F)F)C(N)=N1
Cathepsin D	217000.0	Homo sapiens	C[C@@]1(c2nc(NC(=O)c3ncc(Cl)cc3Cl)ccc2F)CO[C@@](C)(C(F)(F)F)C(N)=N1
Cathepsin D	50.0	Homo sapiens	CC(C)C[C@H](NC(=O)[C@H](CCl)NC(=O)C[C@H](O)[C@H](Cc1ccccc1)NC(=O)[C@@H](NC(=O)c1ccccn1)C(C)C)C(N)=O
Cathepsin D	100000.1	Homo sapiens	CC(C)[C@H](NC(=O)OCc1ccccc1)C(=O)NC(C=O)Cc1ccccc1
Cathepsin D	15000.0	Homo sapiens	c1ccc2cc(COC3C4CCC(N4)C3Oc3ccc(OCCSc4nc5ccccc5s4)cc3)ccc2c1
Cathepsin D	250.0	Homo sapiens	CCOc1ccc2nc(Sc3ccc(NC(=O)c4cc(Cl)cc(Cl)c4NS(=O)(=O)c4cc(Cl)cc(Cl)c4O)cc3)sc2c1
Cathepsin D	84.0	Homo sapiens	COc1ccc(CC(=O)NC(=N)N[C@H](CC(C)C)C(=O)Nc2cc(S(N)(=O)=O)ccc2C)cc1OC.O=C(O)C(F)(F)F
Cathepsin D	2100.0	Homo sapiens	COc1cccc(C(C)(C)NC[C@@H](O)[C@H](Cc2ccccc2)NC(=O)c2cc(C(=O)NCC(C)(C)OC)cc(N3CCCCC3)c2)c1
Cathepsin D	1660.0	Homo sapiens	COc1cccc(C(C)(C)NC[C@@H](O)[C@H](Cc2ccccc2)NC(=O)c2cc(C(=O)NCC(C)(C)O)cc(N3CCCCC3)c2)c1
Cathepsin D	2829.0	Homo sapiens	CN1C(=O)C2(CC(C)(C)Oc3ccc(-c4ccns4)cc32)N=C1N
Cathepsin D	200000.1	Homo sapiens	C[C@@]1(c2cc(NC(=O)c3ccc(C#N)cn3)ccc2F)C[C@@H](C(F)(F)F)OC(N)=N1
Cathepsin D	100000.1	Homo sapiens	CC(C)CC(=O)N[C@H](C(=O)N[C@H](C(=O)N[C@@H](CC(C)C)[C@@H](O)CC(=O)N[C@@H](C)C(=O)N[C@@H](CC(C)C)[C@@H](O)CC(=O)O)C(C)C)C(C)C
Cathepsin D	98.0	Homo sapiens	COc1ccc(CNC(=O)[C@@H](CC2CCCCC2)NC(=N)NC(=O)Cc2ccc(OC)c(OC)c2)cc1F
Cathepsin D	3000.0	Homo sapiens	COc1cc(CC(=O)NC(=N)NCc2ccccc2Cl)c([N+](=O)[O-])cc1OC
Cathepsin D	100000.1	Homo sapiens	NC1=NC(c2ccccc2)(c2ccccc2)C2=NCCCN12
Cathepsin D	427.0	Homo sapiens	COc1ccc(CC(=O)NC(=N)N[C@H](C(=O)Nc2cc(S(N)(=O)=O)ccc2C)C2CCCC2)cc1OC.O=C(O)C(F)(F)F
Cathepsin D	2532.0	Homo sapiens	COc1ccc(CC(=O)NC(=N)N[C@H](CSC)C(=O)Nc2cc(S(N)(=O)=O)ccc2C)cc1OC.O=C(O)C(F)(F)F
Cathepsin D	21000.0	Homo sapiens	CCCCCc1ccc(-c2cc(CCC(=O)O)c3c(=O)n(CC4CCCO4)c(N)nc3c2)cc1
Cathepsin D	2.3	Homo sapiens	CC(C)CC(=O)N[C@H](C(=O)N[C@H](C(=O)N[C@@H](CC(C)C)[C@@H](O)CC(=O)N[C@@H](C)C(=O)N[C@@H](CC(C)C)[C@@H](O)CC(=O)O)C(C)C)C(C)C
Cathepsin D	32000.0	Homo sapiens	CC(C)C[C@H](NC(=O)[C@@H](NC(=O)[C@H](CCCNC(=N)N)NS(=O)(=O)Cc1ccccc1)C(C)C)[C@@H](O)CC(=O)NCCc1ccccc1.O=C(O)C(F)(F)F
Cathepsin D	1588.0	Homo sapiens	C[C@H]1C[C@@H](N2C(=N)N[C@](C)(c3cccc(-c4ccc(OC(F)(F)F)cc4Cl)c3Cl)CC2=O)CCO1
Cathepsin D	80000.0	Homo sapiens	NC1=N[C@@]2(c3cc(NC(=O)c4ccc(F)cn4)ccc3F)CN(c3ncc(F)cn3)C[C@H]2CS1
Cathepsin D	2000.0	Homo sapiens	CC[C@H](C)[C@H](NC(=O)C[C@H](O)[C@H](CC(C)C)NC(=O)[C@H](CCC(N)=O)N(C)C(=O)[C@H](CC(C)C)NC(=O)[C@H](C)O)C(=O)N[C@@H](C)C(=O)N(C)[C@H](Cc1ccccc1)C(=O)N1CCC[C@H]1C(=O)OC
Cathepsin D	10000.0	Homo sapiens	CC[C@H](C)[C@H](NC(=O)C[C@H](O)[C@H](CC(C)C)NC(=O)[C@H](CCC(N)=O)N(C)C(=O)[C@H](CC(C)C)NC(=O)[C@H](C)OC(=O)[C@H](Cc1ccccc1)N(C)C)C(=O)N[C@@H](C)C(=O)N(C)[C@H](Cc1ccccc1)C(=O)N1CCC[C@H]1C(=O)OC
Cathepsin D	83.0	Homo sapiens	COc1ccc(CC(=O)NC(=N)N[C@@H](C(=O)Nc2cc(S(N)(=O)=O)ccc2C)C2=CCC=CC2)cc1OC.O=C(O)C(F)(F)F
Cathepsin D	3983.0	Homo sapiens	CN1C(=O)C2(CC(C)(C)C(F)(F)c3ccc(-c4cncnc4)cc32)N=C1N
Cathepsin D	21.0	Homo sapiens	CC(=O)N1CCC(CN2C(=O)C3(CC(C)(C)Oc4ccc(-c5cccc(Cl)c5)cc43)N=C2N)CC1
Cathepsin D	990.0	Homo sapiens	CN1C(=O)[C@]2(CC(C)(C)Cc3ccc(-c4cccnc4F)cc32)N=C1N
Cathepsin D	300000.1	Homo sapiens	NC1=N[C@@]2(c3cc(NC(=O)c4ccc(F)cn4)ccc3F)COC[C@H]2CS1
Cathepsin D	71000.0	Homo sapiens	Nc1nc2cc(-c3ccccc3)cc(-c3cccnc3)c2c(=O)n1CC1CCCO1
Cathepsin D	2700.0	Homo sapiens	CCCCCCCCc1ccc(-c2ccc3c(=O)n(CC4CCCO4)c(N)nc3c2)cc1
Cathepsin D	42.0	Homo sapiens	CC(=O)c1c(Nc2ccc(Cl)cc2Cl)[nH]c2c([N+](=O)[O-])cc(Cl)cc2c1=O
Cathepsin D	100.0	Homo sapiens	CC(C)CC(=O)N[C@H](C(=O)N[C@H](C(=O)N[C@@H](CC(C)C)[C@@H](O)CC(=O)N[C@@H](C)C(=O)N[C@@H](CC(C)C)[C@@H](O)CC(=O)O)C(C)C)C(C)C
Cathepsin D	644.0	Homo sapiens	C[C@H]1C[C@@H](N2C(=N)N[C@](C)(c3cccc(-c4ccc(F)cc4F)c3Cl)CC2=O)CCO1
Cathepsin D	0.35	Homo sapiens	CC(C)CC(=O)N[C@H](C(=O)N[C@H](C(=O)N[C@@H](CC(C)C)[C@@H](O)CC(=O)N[C@@H](C)C(=O)N[C@@H](CC(C)C)[C@@H](O)CC(=O)O)C(C)C)C(C)C
Cathepsin D	13000.0	Homo sapiens	Nc1nc2cc(-c3ccc(CCCc4ccccc4)cc3)cc(CCC(=O)O)c2c(=O)n1CC1CCCO1
Cathepsin D	100000.1	Homo sapiens	CCCCC(=O)N[C@@H]1C[C@H]1[C@]12COC[C@H]1CSC(N)=N2
Cathepsin D	50.0	Homo sapiens	CC(C)C[C@H](NC(=O)[C@H](CC#N)NC(=O)C[C@H](O)[C@H](Cc1ccccc1)NC(=O)[C@@H](NC(=O)c1ccccn1)C(C)C)C(N)=O
Cathepsin D	12.0	Homo sapiens	COc1ccc(CC(=O)NC(=N)N[C@H](CC2CCCCC2)C(=O)Nc2cc(S(=O)(=O)N3CCOCC3)ccc2C)cc1OC.O=C(O)C(F)(F)F
Cathepsin D	10.0	Homo sapiens	CNS(=O)(=O)c1ccc(C)c(NC(=O)[C@@H](CC2CCCCC2)NC(=N)NC(=O)Cc2cc(Cl)cc(OC)c2)c1.O=C(O)C(F)(F)F
Cathepsin D	1000.0	Homo sapiens	NNC(=O)C(c1ccccc1)c1ccccc1
Cathepsin D	10000.1	Homo sapiens	COc1ccc(C2(c3ccc(OC)cc3)NC(=N)N(C3CCCCC3)C2=O)cc1
Cathepsin D	1997.0	Homo sapiens	CCCCCc1ccc(S(=O)(=O)C2C3NC(CC3CNC3CCCC3)C2NCc2ccc3ccccc3c2)cc1
Cathepsin D	87000.0	Homo sapiens	CCCCCc1ccc(N(C[C@@H]2CCC(=O)C(F)(F)C2)C(=O)Cc2ccc3ccccc3c2)cc1
Cathepsin D	11530.0	Homo sapiens	CCOc1ccc(C2(C34CC5CC(CC(C5)C3)C4)N=C(N)N(C)C2=O)cc1
Cathepsin D	95100.0	Homo sapiens	COCCOc1cnc(C(=O)Nc2ccc(F)c([C@]3(C)CO[C@@](C)(C(F)(F)F)C(N)=N3)n2)c(N)n1
Cathepsin D	205000.0	Homo sapiens	C[C@@]1(c2nc(NC(=O)c3ncc(C(F)(F)F)cc3Cl)ccc2F)CO[C@@](C)(C(F)(F)F)C(N)=N1
Cathepsin D	210.0	Homo sapiens	CCCc1c(COc2ccc(/C=C3\SC(=S)NC3=O)cc2)ccc(C(=O)c2ccccc2)c1O
Cathepsin D	0.693	Homo sapiens	CC(C)CC(=O)N[C@H](C(=O)N[C@H](C(=O)N[C@@H](CC(C)C)[C@@H](O)CC(=O)N[C@@H](C)C(=O)N[C@@H](CC(C)C)[C@@H](O)CC(=O)O)C(C)C)C(C)C
Cathepsin D	5.7	Homo sapiens	COC(=O)[C@@H](NC(=O)[C@H](Cc1ccccc1)NC(=O)C[C@H](N)[C@H](Cc1ccccc1)NC(=O)[C@@H](NC(=O)[C@H](CC(C)C)NC(=O)CC(C)C)C(C)C)C(C)C
Cathepsin D	240.0	Homo sapiens	CC[C@H](C)[C@H](NC(=O)C[C@H](N)[C@H](Cc1ccccc1)NC(=O)[C@@H](NC(=O)[C@H](CC(C)C)NC(=O)CC(C)C)C(C)C)C(=O)NCCc1ccccc1
Cathepsin D	230.0	Homo sapiens	CCc1cccc(CC)c1NC(=O)C[C@H](N)[C@H](Cc1ccccc1)NC(=O)[C@@H](NC(=O)[C@H](CC(C)C)NC(=O)CC(C)C)C(C)C
Cathepsin D	1000.0	Homo sapiens	COc1ccc(CN[C@@H](C(=O)N[C@H](C(=O)NCc2nc3ccccc3[nH]2)C(C)C)[C@H](O)[C@H](Cc2ccccc2)NC(=O)[C@@H](NC(=O)OCc2ccccc2)C(C)(C)C)cc1
Cathepsin D	2710.0	Homo sapiens	COc1ccc([C@]2(c3ccc(F)c(-c4cccnc4F)c3)N=C(N)N(C)C2=O)cc1C
Cathepsin D	250000.1	Homo sapiens	C[C@@]1(c2cc(NC(=O)c3ncc(OC(F)F)cc3Cl)ccc2F)CO[C@@](C)(C(F)(F)F)C(N)=N1
Cathepsin D	1800.0	Homo sapiens	O=C(Nc1ccc(Sc2nc3ccccc3s2)c(Cl)c1)c1cc(Cl)cc(Cl)c1O
Cathepsin D	10000.1	Homo sapiens	COc1ccc(C2(c3ccc(OC)cc3)NC(=N)N(C3CCOCC3)C2=O)cc1
Cathepsin D	1541.0	Homo sapiens	C[C@H]1C[C@@H](N2C(=N)N[C@](C)(c3cccc(-c4ccc(OC(F)(F)F)nc4)c3Cl)CC2=O)CCS1(=O)=O
Cathepsin D	50000.1	Homo sapiens	[2H]C([2H])(OC(=O)N[C@@H](CC(C)C)C(=O)N[C@H](C=O)C[C@@H]1CCNC1=O)C(C)(C)Oc1ccc(Cl)cc1
Cathepsin D	205000.0	Homo sapiens	C[C@@]1(c2nc(NC(=O)c3ncc(C(F)(F)F)cc3Cl)ccc2F)CO[C@@](C)(C(F)(F)F)C(N)=N1
Cathepsin D	200.0	Homo sapiens	CC[C@H](C)[C@H](NC(=O)C[C@H](N)[C@H](Cc1ccccc1)NC(=O)[C@@H](NC(=O)COc1cccc2ccccc12)C(C)C)C(=O)N[C@H](C(=O)OC)C(C)C
Cathepsin D	50.0	Homo sapiens	CC[C@H](C)[C@H](NC(=O)C[C@H](N)[C@H](Cc1ccccc1)NC(=O)[C@@H](NC(=O)[C@H](CC(C)C)NC(=O)CC(C)C)C(C)C)C(=O)N[C@H](C(=O)O)C(C)C
Cathepsin D	520.0	Homo sapiens	CC[C@H](C)[C@H](NC(=O)C[C@H](N)[C@H](Cc1ccccc1)NC(=O)[C@@H](NC(=O)[C@H](CC(C)C)NC(=O)CC(C)C)C(C)C)C(=O)Nc1cccnc1
Cathepsin D	300000.1	Homo sapiens	NC1=N[C@@]2([C@H]3C[C@@H]3NC(=O)c3ccc(F)cn3)COC[C@H]2CS1
Cathepsin D	400.0	Homo sapiens	CC[C@H](C)[C@H](NC(=O)C[C@H](N)[C@H](Cc1ccccc1)NC(=O)[C@@H](NC(=O)[C@H](CC(C)C)NC(=O)CC(C)C)C(C)C)C(=O)NCC1CC1
Cathepsin D	3.2	Homo sapiens	CC[C@H](C)[C@H](NC(=O)C[C@H](N)[C@H](Cc1ccccc1)NC(=O)[C@@H](NC(=O)Cc1cccc(OC(F)(F)F)c1)[C@@H](C)CC)C(=O)N[C@H](C(=O)O)C(C)C
Cathepsin D	480.0	Homo sapiens	CC[C@H](C)[C@H](NC(=O)Cc1cccc(OC(F)(F)F)c1)C(=O)N[C@@H](Cc1ccccc1)[C@@H](N)CC(=O)N[C@H](C(=O)N[C@H](CO)C(C)C)[C@@H](C)CC
Cathepsin D	1100.0	Homo sapiens	CN1C(=O)[C@]2(N=C1N)c1cc(-c3cccnc3F)ccc1O[C@H]1CCOC[C@@H]12
Cathepsin D	250000.1	Homo sapiens	C[C@@]1(c2cc(NC(=O)c3ccc(Br)cn3)ccc2F)CO[C@@](C)(C(F)(F)F)C(N)=N1
Cathepsin D	250000.1	Homo sapiens	C[C@@]1(c2cc(NC(=O)c3ncc(C#N)cn3)ccc2F)CO[C@@](C)(C(F)(F)F)C(N)=N1
Cathepsin D	250000.1	Homo sapiens	Cc1nc(C#N)cnc1C(=O)Nc1ccc(F)c([C@]2(C)CO[C@@](C)(C(F)(F)F)C(N)=N2)c1
Cathepsin D	1300.0	Homo sapiens	NNC(=O)c1ccccc1[N+](=O)[O-]
Cathepsin D	3.9	Homo sapiens	C[C@H]1C[C@@H](N2C(=N)N[C@](C)(c3cccc(-c4ccc5ncn(CC(F)(F)F)c5c4)c3Cl)CC2=O)CCO1
Cathepsin D	3818.0	Homo sapiens	C[C@H]1C[C@@H](N2C(=N)N[C@](C)(c3cccc(-c4ccc(F)cc4F)c3Cl)CC2=O)CCN1C
Cathepsin D	28345.0	Homo sapiens	CN(C)[C@H]1C[C@@H](N2C(=N)N[C@](C)(c3cccc(-c4ccc(F)cc4F)c3Cl)CC2=O)C1
Cathepsin D	771.0	Homo sapiens	C[C@H]1C[C@@H](N2C(=N)N[C@](C)(c3cccc(-c4ccc(Cl)cc4Cl)c3Cl)CC2=O)CCO1
Cathepsin D	396.0	Homo sapiens	C[C@@]1(c2cccc(-c3ccc(F)cc3F)c2Cl)CC(=O)N([C@H]2CCC(F)(F)[C@@H](O)C2)C(=N)N1
Cathepsin D	520.0	Homo sapiens	COc1ccc(C2(c3ccc(OC)cc3)NC(=N)N(C3CCN(C(=O)OC(C)(C)C)CC3)C2=O)cc1
Cathepsin D	10.8	Homo sapiens	C[C@H]1C[C@@H](N2C(=N)N[C@](C)(c3cccc(-c4cccc(Cl)c4)c3Cl)CC2=O)CCO1
Cathepsin D	5500.0	Homo sapiens	CC[C@H](C)[C@H](NC(=O)C[C@H](N)[C@H](Cc1ccccc1)NC(=O)[C@H](CC(C)C)NC(=O)CC(C)C)C(=O)N[C@H](C(=O)OC)C(C)C
Cathepsin D	110.0	Homo sapiens	CCOC(=O)C1(NC(=O)[C@@H](NC(=O)C[C@H](N)[C@H](Cc2ccccc2)NC(=O)[C@@H](NC(=O)[C@H](CC(C)C)NC(=O)CC(C)C)C(C)C)[C@@H](C)CC)CC1
Cathepsin D	3.7	Homo sapiens	COC(=O)[C@@H](NC(=O)[C@H](Cc1cccc2ccccc12)NC(=O)C[C@H](N)[C@H](Cc1ccccc1)NC(=O)[C@@H](NC(=O)[C@H](CC(C)C)NC(=O)CC(C)C)C(C)C)C(C)C
Cathepsin D	41.0	Homo sapiens	CC(C)C[C@H](NC(=O)C[C@H](O)[C@H](Cc1ccccc1)NC(=O)[C@H](CCC(N)=O)N(C)C(=O)[C@@H](NC(=O)OCc1ccccc1)C(C)C)C(=O)N[C@@H](C)C(=O)N(C)[C@H](Cc1ccccc1)C(=O)N1CCC[C@H]1C(=O)NCCOCCOCCn1cc(CNC(=O)[C@H](CCCCNC(=O)[C@H](CCCCN)NC(=O)[C@H](CCCCN)NC(=O)[C@H](CCC(N)=O)NC(=O)[C@H](CO)NC(=O)CCN2c3ccccc3C(C)(C)[C@]23C=Cc2cc([N+](=O)[O-])ccc2O3)NC(=O)[C@H](CCCCN)NC(=O)[C@H](CCCCN)NC(=O)C(CCC(N)=O)NC(=O)[C@H](CO)NC(=O)CCN2c3ccccc3C(C)(C)[C@]23CCc2cc([N+](=O)[O-])ccc2O3)nn1
Cathepsin D	17500.0	Homo sapiens	C[C@@]1(c2nc(NC(=O)c3ncc(C#N)cc3N)ccc2F)CO[C@@](C)(C(F)(F)F)C(N)=N1
Cathepsin D	19000.0	Homo sapiens	Cl.NC1=N[C@@]2(c3cccs3)CN(c3ncc(F)cn3)C[C@H]2CS1
Cathepsin D	50000.1	Homo sapiens	CC(C)C[C@H](NC(=O)OCC(C)(C)Sc1ccccc1)C(=O)N[C@H](C#N)C[C@@H]1CCNC1=O
Cathepsin D	50000.1	Homo sapiens	CC(C)C[C@H](NC(=O)OCC(C)(C)Oc1cccc(Cl)c1)C(=O)N[C@H](C=O)C[C@@H]1CCNC1=O
Cathepsin D	18300.0	Homo sapiens	O=C(Cc1ccccc1)N(Cc1ccccc1)C1CNCC1N(Cc1ccccc1)C(=O)Cc1ccccc1
Cathepsin D	10000.1	Homo sapiens	CC1(c2cc(NC(=O)c3ccc(Br)cn3)ccc2F)COCC(N)=N1
Cathepsin D	960.0	Homo sapiens	CN1C(=O)[C@]2(N=C1N)c1cc(-c3cccc(C#N)c3)ccc1O[C@H]1CCOC[C@@H]12
Cathepsin D	27.0	Homo sapiens	CC[C@H](C)[C@H](NC(=O)C[C@H](N)[C@H](Cc1ccccc1)NC(=O)[C@@H](NC(=O)COc1ccc(Cl)cc1Cl)C(C)C)C(=O)N[C@H](C(=O)OC)C(C)C
Cathepsin D	10000.1	Homo sapiens	COCc1nn(Cc2ccc(Cn3ccccc3=O)cc2)cc1C(=O)NCc1nccc(OC)c1F
Cathepsin D	205000.0	Homo sapiens	C[C@@]1(c2nc(NC(=O)c3ncc(C#N)cc3Cl)ccc2F)CO[C@@](C)(C(F)(F)F)C(N)=N1
Cathepsin D	97.0	Homo sapiens	CC[C@H](NC(=O)[C@H](CC(C)C)NC(=O)CC(C)C)C(=O)N[C@@H](Cc1ccccc1)[C@@H](N)CC(=O)N[C@H](C(=O)N[C@H](C(=O)OC)C(C)C)[C@@H](C)CC
Cathepsin D	5.1	Homo sapiens	CC[C@H](C)[C@H](NC(=O)C[C@H](N)[C@H](Cc1ccccc1)NC(=O)[C@@H](NC(=O)[C@H](CC(C)C)NC(=O)CC(C)C)C(C)C)C(=O)N[C@H](C(=O)OC)C(C)C
Cathepsin D	5000.0	Homo sapiens	CCCCCc1ccc(-c2ccc3c(=O)n(C[C@@H]4CC[C@H](c5ccccc5)O4)c(N)nc3c2)cc1
Cathepsin D	12.0	Homo sapiens	CC[C@H](C)[C@H](NC(=O)C[C@H](N)[C@H](Cc1ccccc1)NC(=O)[C@@H](NC(=O)Cc1cccc(OC(F)(F)F)c1)C(C)C)C(=O)N[C@H](C(=O)O)C(C)C
Cathepsin D	6.2	Homo sapiens	CC[C@H](C)[C@H](NC(=O)C[C@H](N)[C@H](Cc1ccccc1)NC(=O)[C@@H](NC(=O)[C@H](CC(C)C)NC(=O)CC(C)C)C(C)C)C(=O)N[C@H](CO)C(C)C
Cathepsin D	800.0	Homo sapiens	CCc1cccc(CC)c1NC(=O)C[C@H](N)[C@H](Cc1ccccc1)NC(=O)[C@@H](NC(=O)CCCc1ccccc1)C(C)C
Cathepsin D	39.0	Homo sapiens	CC(C)CC(=O)N[C@@H](CC(C)C)C(=O)N[C@H](C(=O)N[C@@H](Cc1ccccc1)[C@@H](N)CC(=O)N[C@H](COc1ccc(F)cc1F)C(C)C)C(C)C
Cathepsin D	1700.0	Homo sapiens	CCCCNC(=O)[C@H](C)C[C@H](O)[C@@H]1C[C@H](C)CCCCCCCCC(=O)N[C@@H](C)C(=O)N1
Cathepsin D	10000.1	Homo sapiens	C[C@@]1(c2cccc(NC(=O)c3ccc(Br)cn3)c2)COCC(N)=N1
Cathepsin D	250000.1	Homo sapiens	C[C@@]1(c2cc(NC(=O)c3ncc(C#N)cc3Cl)ccc2F)CO[C@@](C)(C(F)(F)F)C(N)=N1
Cathepsin D	21000.0	Homo sapiens	CCCCCc1ccc(-c2cc(CCC(=O)O)c3c(=O)n(CC4CCCO4)c(N)nc3c2)cc1
Cathepsin D	15200.0	Homo sapiens	CC(C)CN(C[C@@H](O)[C@H](Cc1ccccc1)NC(=O)O[C@H]1CCOC1)S(=O)(=O)c1ccc(N)cc1
Cathepsin D	1800.0	Homo sapiens	CC[C@H](NC(=O)[C@H](CC(C)C)NC(=O)CC(C)C)C(=O)N[C@@H](Cc1ccccc1)[C@@H](N)CC(=O)NCCc1ccc2c(c1)OCO2
Cathepsin D	47.0	Homo sapiens	CC[C@H](C)[C@H](NC(=O)C[C@H](N)[C@H](Cc1ccccc1)NC(=O)[C@@H](NC(=O)[C@H](CC(C)C)NC(=O)CC(C)C)C(C)C)C(=O)N[C@H](C(=O)OC)[C@@H](C)CC
Cathepsin D	100000.1	Homo sapiens	C[C@@H]1C[C@H]1CNC(=O)[C@@H]1C[C@H]1[C@]12CN(c3ncccn3)C[C@H]1CSC(N)=N2
Cathepsin D	300000.1	Homo sapiens	NC1=N[C@@]2(c3cc(NC(=O)c4ccc(F)cn4)ccc3F)COC[C@H]2CS1
Cathepsin D	7620.0	Homo sapiens	C[C@@H](NC(=O)c1cc(C(=O)N[C@@H](Cc2ccccc2)[C@H](O)CNC2CC2)cc(N(C)S(C)(=O)=O)c1)c1ccccc1
Cathepsin D	18.0	Homo sapiens	CC[C@H](C)[C@H](NC(=O)C[C@H](N)[C@H](Cc1ccccc1)NC(=O)[C@@H](NC(=O)Cc1cccc(OC(F)(F)F)c1)C(C)C)C(=O)N[C@H](C(=O)OC)C(C)C
Cathepsin D	2000.0	Homo sapiens	CC[C@H](NC(=O)[C@@H](N)CC(C)C)C(=O)N[C@@H](Cc1ccccc1)[C@@H](N)CC(=O)N[C@H](C(=O)N[C@H](C(=O)OC)C(C)C)[C@@H](C)CC
Cathepsin D	81.0	Homo sapiens	CC[C@H](C)[C@H](NC(=O)C[C@H](N)[C@H](Cc1ccccc1)NC(=O)[C@@H](NC(=O)Cc1cccc(NS(C)(=O)=O)c1)C(C)C)C(=O)N[C@H](C(=O)OC)C(C)C
Cathepsin D	3.9	Homo sapiens	CC[C@H](C)[C@H](NC(=O)C[C@H](N)[C@H](Cc1ccccc1)NC(=O)[C@@H](NC(=O)[C@H](Cc1ccccc1)NC(=O)CC(C)C)C(C)C)C(=O)N[C@H](C(=O)OC)C(C)C
Cathepsin D	10000.1	Homo sapiens	C[C@@]1(c2cccc(NC(=O)c3ccccc3)c2Cl)CC(=O)N(C2CCOCC2)C(=N)N1
Cathepsin D	240.0	Homo sapiens	CC(C)CC(=O)N[C@@H](CC(C)C)C(=O)N[C@H](C(=O)N[C@@H](Cc1ccccc1)[C@@H](N)CC(=O)N[C@H](COc1cccnc1)C(C)C)C(C)C
Cathepsin D	380.0	Homo sapiens	COc1ccc(CN[C@@H](C(=O)N[C@H](C(=O)NCc2nc3ccccc3[nH]2)C(C)C)[C@H](O)[C@H](Cc2ccccc2)NC(=O)[C@@H](NC(=O)OCc2ccccc2)C(C)C)cc1
Cathepsin D	2580.0	Homo sapiens	COc1ccc(C2(c3cccc(-c4cccnc4F)c3)N=C(N)N(C)C2=O)cc1C
Cathepsin D	23100.0	Homo sapiens	COc1ccc(C2(c3cccc(-c4cccnc4)c3)N=C(N)N(C)C2=O)cc1OC
Cathepsin D	58.0	Homo sapiens	C[C@@]1(c2cccc(Nc3ccccc3)c2Cl)CC(=O)N(C2CCOCC2)C(=N)N1
Cathepsin D	3889.0	Homo sapiens	C[C@H]1C[C@@H](N2C(=N)N[C@](C)(c3cccc(NC(=O)c4cccc(C#N)c4)c3Cl)CC2=O)CCO1
Cathepsin D	10100.0	Homo sapiens	CCCOc1cc(C2(c3cccc(-c4cccnc4)c3)N=C(N)N(C)C2=O)ccc1OC
Cathepsin D	40.0	Homo sapiens	CC[C@H](NC(=O)[C@H](CC(C)C)NC(=O)OC(C)(C)C)C(=O)N[C@@H](Cc1ccccc1)[C@@H](N)CC(=O)N[C@H](C(=O)N[C@H](C(=O)OC)C(C)C)[C@@H](C)CC
Cathepsin D	180.0	Homo sapiens	CC[C@H](C)[C@H](NC(=O)C[C@H](N)[C@H](Cc1ccccc1)NC(=O)[C@@H](NC(=O)[C@H](CC(C)C)NC(=O)CC(C)C)C(C)C)C(=O)NCc1ccccc1
Cathepsin D	190.0	Homo sapiens	CC(C)CCNC(=O)[C@H](C)NC(=O)C[C@H](N)[C@H](Cc1ccccc1)NC(=O)[C@@H](NC(=O)Cc1cccc(OC(F)(F)F)c1)C(C)C
Cathepsin D	100000.1	Homo sapiens	O=C(CF)CNC(=O)[C@H](Cc1ccccc1)NC(=O)c1cccc2ccccc12
Cathepsin D	138000.0	Homo sapiens	Oc1ccc(/C=C/c2cc(O)cc(O)c2)cc1
Cathepsin D	1295.0	Homo sapiens	C[C@H]1C[C@@H](N2C(=N)N[C@](C)(c3cccc(-c4cnn5cccnc45)c3Cl)CC2=O)CCO1
Cathepsin D	47.3	Homo sapiens	C[C@@H]1C[C@H](N2C(=N)N[C@](C)(c3cccc(-c4cccc(Cl)c4)c3Cl)CC2=O)CC[C@@H]1O
Cathepsin D	100000.1	Homo sapiens	Cn1cnc(Cn2c(=O)[nH]/c(=N\c3cc4cn(C)nc4cc3Cl)n(Cc3cc(F)c(F)cc3F)c2=O)n1
Cathepsin D	182.0	Homo sapiens	COC(=O)[C@@H]1CCCN1C(=O)[C@@H](Cc1ccccc1)N(C)C(=O)[C@H](C)NC(=O)[C@H](CC(C)C)NC(=O)C[C@H](O)[C@H](Cc1ccccc1)NC(=O)[C@H](CCC(N)=O)N(C)C(=O)[C@@H](NC(=O)[C@H](C)O)C(C)C
Cathepsin D	4430.0	Homo sapiens	COc1ccc(-c2cccc(C3(c4ccc(OC(F)(F)F)cc4)N=C(N)N(C)C3=O)c2)cn1
Cathepsin D	90000.0	Homo sapiens	C[C@@H]1C[C@H]1CNC(=O)[C@@H]1C[C@H]1[C@]12CN(c3ncccn3)C[C@H]1CSC(N)=N2
Cathepsin D	15700.0	Homo sapiens	C[C@@]1(c2cc(-c3cncnc3)c(F)cc2F)CCSC(N)=N1
Cathepsin D	18.0	Homo sapiens	COC(=O)[C@@H]1CCCN1C(=O)[C@@H](Cc1ccc(OC(C)(C)C)cc1)N(C)C(=O)[C@H](C)NC(=O)[C@H](CC(C)C)NC(=O)C[C@H](O)[C@H](Cc1ccccc1)NC(=O)[C@H](CCC(N)=O)N(C)C(=O)[C@@H](NC(=O)OCc1ccccc1)C(C)C
Cathepsin D	50.0	Homo sapiens	COC(=O)[C@@H]1CCCN1C(=O)[C@@H](Cc1ccccc1)N(C)C(=O)[C@H](C)NC(=O)[C@H](CC(C)C)NC(=O)C[C@H](O)[C@H](Cc1ccccc1)NC(=O)[C@H](CCC(N)=O)N(C)C(=O)[C@@H](NC(=O)[C@H](C)O)C(C)C
Cathepsin D	41900.0	Homo sapiens	C[C@@]1(c2nc(NC(=O)c3ncc(OCCF)nc3N)ccc2F)CO[C@@](C)(C(F)(F)F)C(N)=N1
Cathepsin D	0.55	Homo sapiens	CC(C)CC(=O)N[C@H](C(=O)N[C@H](C(=O)N[C@@H](CC(C)C)[C@@H](O)CC(=O)N[C@@H](C)C(=O)N[C@@H](CC(C)C)[C@@H](O)CC(=O)O)C(C)C)C(C)C
Cathepsin D	36.0	Homo sapiens	CC[C@H](C)[C@H](NC(=O)C[C@H](N)[C@H](Cc1ccccc1)NC(=O)[C@@H](NC(=O)[C@H](CC(C)C)NC(=O)OC(C)(C)C)C(C)C)C(=O)N[C@H](C(=O)OC)C(C)C
Cathepsin D	21100.0	Homo sapiens	C[C@@]1(c2cc(Nc3cccc4cc(OC(F)F)cnc34)ccc2F)COCC(N)=N1
Cathepsin D	4400.0	Homo sapiens	CCCCCc1ccc(C(=O)N(Cc2ccc(-c3ccc(OC)cc3)cc2)C2CCN(CCC(C)C)CC2)cc1
Cathepsin D	2400.0	Homo sapiens	c1ccc(NNc2ccccc2)cc1
Cathepsin D	0.35	Homo sapiens	CC(C)CC(=O)N[C@H](C(=O)N[C@H](C(=O)N[C@@H](CC(C)C)[C@@H](O)CC(=O)N[C@@H](C)C(=O)N[C@@H](CC(C)C)[C@@H](O)CC(=O)O)C(C)C)C(C)C
Cathepsin D	300000.1	Homo sapiens	C[C@@H]1C[C@H]1CNC(=O)[C@@H]1C[C@H]1[C@]12COC[C@H]1CSC(N)=N2
Cathepsin D	15000.0	Homo sapiens	C[C@@]1(c2cc(-c3cncnc3)c(F)cc2F)CCSC(N)=N1
Cathepsin D	0.1	Homo sapiens	CC(C)CC(=O)N[C@H](C(=O)N[C@H](C(=O)N[C@@H](CC(C)C)[C@@H](O)CC(=O)N[C@@H](C)C(=O)N[C@@H](CC(C)C)[C@@H](O)CC(=O)O)C(C)C)C(C)C
Cathepsin D	0.05	Homo sapiens	CC(C)CC(=O)N[C@H](C(=O)N[C@H](C(=O)N[C@@H](CC(C)C)[C@@H](O)CC(=O)N[C@@H](C)C(=O)N[C@@H](CC(C)C)[C@@H](O)CC(=O)O)C(C)C)C(C)C
Cathepsin D	250000.1	Homo sapiens	C[C@@]1(c2cc(NC(=O)c3ccc(Br)cn3)ccc2F)CO[C@@](C)(C(F)(F)F)C(N)=N1
Cathepsin D	1000.0	Homo sapiens	c1ccc(NNc2ccccc2)cc1
Cathepsin D	1000.0	Homo sapiens	CC(C)CC(=O)N[C@H](C(=O)N[C@H](C(=O)N[C@@H](CC(C)C)[C@@H](O)CC(=O)N[C@@H](C)C(=O)N[C@@H](CC(C)C)[C@@H](O)CC(=O)O)C(C)C)C(C)C
Cathepsin D	250000.1	Homo sapiens	Cc1cc(C#N)cnc1C(=O)Nc1ccc(F)c([C@]2(C)CO[C@@](C)(C(F)(F)F)C(N)=N2)c1
Cathepsin D	250000.1	Homo sapiens	Cc1cc(C#N)cnc1C(=O)Nc1ccc(F)c([C@]2(C)CO[C@@](C)(C(F)(F)F)C(N)=N2)c1
